,Title,VideoID,ChannelID,Views,SubsCount,Views_to_Subs,Target,Cleaned_Titles
0,"이 세상 모든 여행기 몰아보기 [걸리버여행기, 열하일기, 하멜표류기, 박정양, 이와쿠라 사절단, 동방견문록]",GxHm11CIeE4,UCfU5N61VKvMJUsUzfaqk0Hg,100642,520000,0.19354230769230768,0,이 세상 모든 여행기 몰아보기 걸리버여행기 열하일기 하멜표류기 박정양 이와쿠라 사절단 동방견문록
1,여행기 ((TVXQ Solo) [Bonus Track]),lEGY5zffY0c,UCOcwGi78fdHWhAK-bGnNgCw,191394,190000,1.007336842105263,1,여행기 TVXQ Solo Bonus Track
3,"이나영,구교환,박세완,심은경,한예리,신현지 등 초호화 캐스팅으로 나오자마자 미친 떡상 중인 드라마 《박하경 여행기》1~4화 몰아보기",iQPTxgIOMPM,UCD3TQB9--RP2sYeDjcrLYGw,163480,235000,0.6956595744680851,0,이나영 구교환 박세완 심은경 한예리 신현지 등 초호화 캐스팅으로 나오자마자 미친 떡상 중인 드라마 박하경 여행기 1 4화 몰아보기
4,한국인 혼자 벨기에 수도를 여행하면 일어나는 재밌는 일들 - 베네룩스(1) 🇧🇪,MVodSCFovPk,UC_4hHKHUcs9bGpl_zDAOxvg,1266511,457000,2.77135886214442,1,한국인 혼자 벨기에 수도를 여행하면 일어나는 재밌는 일들 베네룩스 1
5,동방신기) &#39;여행기&#39; (Traveling) Open Concert LIVE,5U3aZGZKxNM,UCN1BY5tIbuJoV4KYxbiB6Yg,26525,24200,1.0960743801652892,1,동방신기 39 여행기 39 Traveling Open Concert LIVE
6,"&quot;빠니보틀, 그는 신인가?&quot; 웃돈 주고라도 가야 할 북해도 렌터카 여행기 (with 빠니보틀, 영알남, 박민정)",hJ4WWLeSSCY,UC0VR2v4TZeGcOrZHnmwbU_Q,1168863,1170000,0.9990282051282051,1,quot 빠니보틀 그는 신인가 quot 웃돈 주고라도 가야 할 북해도 렌터카 여행기 with 빠니보틀 영알남 박민정
7,요상한 나라 부탄 여행기 【부탄1】,2kRMfWK11W0,UCNhofiqfw5nl-NeDJkXtPvw,2282466,2070000,1.1026405797101448,1,요상한 나라 부탄 여행기 부탄1
8,"[vlog] 마지막 액티비티를 즐기다, 롱테일보트｜라오스 여행기 4박6일｜EP.7",CNiIV4cL3ms,UCIEoKOTvRUPYd_Wn95zBUbg,452,164,2.7560975609756095,1,vlog 마지막 액티비티를 즐기다 롱테일보트 라오스 여행기 4박6일 EP 7
9,탈모와 뚱보와 털보의 여행기 【베트남1】,QYGJ-Zcma4Q,UCNhofiqfw5nl-NeDJkXtPvw,5183272,2070000,2.5039961352657003,1,탈모와 뚱보와 털보의 여행기 베트남1
10,★[걸리버 여행기] 설민석 강독 풀버전★ 동화? NO! 발간 직후 금서로 지정된 문제적 풍자문학 | 요즘책방 : 책 읽어드립니다 The Page-Turners EP.30,6nloQ8rPgkc,UCR9gReM5VhQ_8brqQrBaVCA,1526650,795000,1.9203144654088051,1,걸리버 여행기 설민석 강독 풀버전 동화 NO 발간 직후 금서로 지정된 문제적 풍자문학 요즘책방 책 읽어드립니다 The Page Turners EP 30
11,역대급 혼란스러운 나라.. 방글라데시 입국 후기 - 방글라데시1,KiuFxJojb04,UCxU8QX7IRRIW0VLuoWWoxbw,366620,647000,0.5666460587326121,0,역대급 혼란스러운 나라 방글라데시 입국 후기 방글라데시1
12,"1년이라도 아이들 옆에 있고 싶어 시작한 여행_달려라 미니버스, 빼빼가족 유라시아 여행기",JDv9P6TEfi4,UCFw4M1BJYYdN1YtS8SzlDzg,6126617,784000,7.8145625,1,1년이라도 아이들 옆에 있고 싶어 시작한 여행 달려라 미니버스 빼빼가족 유라시아 여행기
13,[103] 환율이 이상한 미얀마에서 값 싼 한식 먹고 좌충우돌 여행기 - 세계여행 🇲🇲,8yfZOohlHnQ,UC2CjODHrJfDAoiT6zoNndYQ,116434,70800,1.64454802259887,1,103 환율이 이상한 미얀마에서 값 싼 한식 먹고 좌충우돌 여행기 세계여행
14,여행유튜버 캐럿맨의 추악한 실체 #1 - &quot;캐럿맨을 고소하겠습니다&quot;,RBxrvsKpQW4,UC7K6oztXq2RzXx43duKAl7g,249606,24800,10.064758064516129,1,여행유튜버 캐럿맨의 추악한 실체 1 quot 캐럿맨을 고소하겠습니다 quot
15,TVXQ-Travelog+Purpleline(동방신기-여행기+퍼플라인)@SBS Inkigayo 인기가요 200802024,uS07LdQ4QXU,UCS_hnpJLQTvBkqALgapi_4g,169287,7890000,0.02145589353612167,0,TVXQ Travelog Purpleline 동방신기 여행기 퍼플라인 SBS Inkigayo 인기가요 200802024
16,두 남자의 초호화 크루즈 여행기 - 제주(1),Dv2XQDs7k3k,UClRNDVO8093rmRTtLe4GEPw,3186391,1820000,1.7507642857142858,1,두 남자의 초호화 크루즈 여행기 제주 1
17,놀라운 물가! 미지의 산골도시 &#39;난(Nan)&#39; 탐방기,OCH9A_Qz0eQ,UCLaSjyJOedN2kONlILF_1Jw,58015,91600,0.6333515283842794,0,놀라운 물가 미지의 산골도시 39 난 Nan 39 탐방기
18,DBSK - 여행기(Traveling) [Han &amp; Eng],lqqF15XaDCo,UC_CtDe1rLFgqZF2MMd_fzAg,54261,97500,0.5565230769230769,0,DBSK 여행기 Traveling Han amp Eng
19,혼자 가도 계획이 없어도 재밌는 몽골 먹방 여행- 몽골1🇲🇳,kCU0nadSxYI,UC1uoQwHK5e5gw0CYdQeX5IA,579184,188000,3.0807659574468085,1,혼자 가도 계획이 없어도 재밌는 몽골 먹방 여행 몽골1
20,걸리버 여행기,FiFpOeM6ygk,UCq7R-_JkAY655HbiMIQewrQ,185004,73100,2.530834473324213,1,걸리버 여행기
21,2년전 나를 환대해준 공주 시골마을에 터키 여자친구를 데려가면 생기는일 🇰🇷,WnyYejfZveQ,UC_4hHKHUcs9bGpl_zDAOxvg,97369,457000,0.2130612691466083,0,2년전 나를 환대해준 공주 시골마을에 터키 여자친구를 데려가면 생기는일
22,🇯🇵 서른살에 퇴사해버린 친구들과 떠난 일본 소도시 여행기(ft. 돗토리현에서 보낸 3박4일),L-JcXu8rweM,UCugz3-UlkX2P77PtK1Ju0RA,265073,595000,0.44550084033613446,0,서른살에 퇴사해버린 친구들과 떠난 일본 소도시 여행기 ft 돗토리현에서 보낸 3박4일
23,알려지지 않은 걸리버 여행기 속 숨은 뒷이야기와 소름끼치는 설정들 [미스터리],QTU-dQsdjo4,UC_SgaM1zbb1Mibnsp6J0fJA,299879,639000,0.4692942097026604,0,알려지지 않은 걸리버 여행기 속 숨은 뒷이야기와 소름끼치는 설정들 미스터리
24,"역대급 풍경!! 시드니 헬기투어 | 본다이 비치 | 브론테 비치 - 시드니, 호주 | 호주&amp;뉴질랜드 여행[7]",lTqld3lVQfQ,UCQAX7iV0OjeIKc_fNucA5Ew,40325,66600,0.6054804804804805,0,역대급 풍경 시드니 헬기투어 본다이 비치 브론테 비치 시드니 호주 호주 amp 뉴질랜드 여행 7
25,[박하경 여행기] 서울부터 제주까지! 박하경이 가는 곳에는 우연한 만남이 생긴다✨| 5-8회 회차 요약 | 웨이브 오리지널,Lir7SAlmgVU,UCym5538xAEEppbridXozfgw,72336,372000,0.1944516129032258,0,박하경 여행기 서울부터 제주까지 박하경이 가는 곳에는 우연한 만남이 생긴다 5 8회 회차 요약 웨이브 오리지널
26,태연이의 밀라노 여행기,Wm2joJxoO-s,UC5z2fxN6rs69cSyXur6X6Mg,763868,1230000,0.6210308943089431,0,태연이의 밀라노 여행기
27,걸리버 여행기 (Gulliever&#39;s Travels) | 만화 | 세계명작동화,H7WVVEwWqkA,UCJ9geW2tpBzbLHNG_wE3lSA,167062,77300,2.1612160413971537,1,걸리버 여행기 Gulliever 39 s Travels 만화 세계명작동화
28,말라위 대학교 기숙사를 가보았습니다. 기름이 없는 상상이상의 빈국 &#39;말라위&#39; 7#45,G1-D4LCh1ZY,UCewTkRux7toL0N9dR9igLKg,29560,181000,0.16331491712707183,0,말라위 대학교 기숙사를 가보았습니다 기름이 없는 상상이상의 빈국 39 말라위 39 7 45
29,동화로 오해받는 걸리버여행기의 엽기적인 후반부 (천공의성 라퓨타 그리고 야후),gHD8M3lPGMI,UCfU5N61VKvMJUsUzfaqk0Hg,1980750,520000,3.8091346153846155,1,동화로 오해받는 걸리버여행기의 엽기적인 후반부 천공의성 라퓨타 그리고 야후
30,릴러말즈 (Leellamarz) - Trip (Feat. Hannah) [Trip]ㅣLyrics/가사,SHXELbXdNlg,UCGuE0TrBNIZKfordUwAQe2w,2517986,379000,6.643762532981531,1,릴러말즈 Leellamarz Trip Feat Hannah Trip Lyrics 가사
31,Trip (Feat. Hannah),5C-UzW1FLiA,UCoV8L_tyJqZoRh51f-2ylhQ,13769897,36800,374.18198369565215,1,Trip Feat Hannah
32,Leellamarz (릴러말즈) - Trip (바이올린 연주 Ver) @ Leellamarz Marz 2 Ambition Show,qEG7DaruWFo,UCko1k258OSms8NqBTQd1EBQ,909483,29300,31.04037542662116,1,Leellamarz 릴러말즈 Trip 바이올린 연주 Ver Leellamarz Marz 2 Ambition Show
33,릴러말즈(Leellamarz) - Trip(Feat .Hannah) 1시간(1hour),1iCf9cZswtM,UCFvNOsLJJD6g8dL1WT1bRwA,445508,22400,19.88875,1,릴러말즈 Leellamarz Trip Feat Hannah 1시간 1hour
34,[EBS 스페이스 공감] 릴러말즈 - Trip (feat. Milena),KJbPIWUSJ_c,UCmD_hRhMgxsf5e-6cEuxjSg,619796,72600,8.537134986225896,1,EBS 스페이스 공감 릴러말즈 Trip feat Milena
35,릴러말즈(Leellamarz) - 시한부 + 단추 + Trip | [사운드인더랩] 황홀한 오케스트라 세션 라이브,8IgYauEnnO4,UCviI9lzTe2pkxJ9M2ArA7WQ,1568116,2160000,0.7259796296296296,0,릴러말즈 Leellamarz 시한부 단추 Trip 사운드인더랩 황홀한 오케스트라 세션 라이브
36,Ella Mai - Trip (Audio),JfGD75vHWrU,UCdVlI3zsHhvKKH4OEQVHyHA,284114004,258000,1101.217069767442,1,Ella Mai Trip Audio
37,릴러말즈(Leellamarz) - Trip 가사 Lyrics,9lTEtAgVynU,UCmwNKKcYQDsPdDTaXM5zFiA,3725310,1560,2388.019230769231,1,릴러말즈 Leellamarz Trip 가사 Lyrics
38,"공트립 스페인 여행 #3 세비야 현지 민박 체험기??! 츄러스 세계 1등, 메트로폴파라솔, 타파스, 스페인광장",zBnQ9QOKWu4,UCQPBl3XRz9adlIzWlxI1eiQ,128,12,10.666666666666666,1,공트립 스페인 여행 3 세비야 현지 민박 체험기 츄러스 세계 1등 메트로폴파라솔 타파스 스페인광장
39,Jacquees - Trip • 한글자막/노래해석,BR3DWCiB_gw,UCwfk-mmRH1C_gsRjCb-g7Fw,658873,4560,144.48969298245615,1,Jacquees Trip 한글자막 노래해석
40,릴러말즈 - Trip LIVE at HIPHOPPLAYA FESTIVAL 2023,hVPZA-C3ags,UCfGuIKX_qYB3YVTg_bhGBwg,46555,240000,0.19397916666666667,0,릴러말즈 Trip LIVE at HIPHOPPLAYA FESTIVAL 2023
42,[11화] 반달들이 건들지 못한다는 목포 &amp; 다윗을 꿈꾸는 목젖 브레이커 전주 ㅣZombie Trip 3: Road to ZOMBIE ROYAL,m0OjRu1YBQY,UCc7o0OkR2BDFN4TCgPChjEw,918686,1100000,0.8351690909090909,1,11화 반달들이 건들지 못한다는 목포 amp 다윗을 꿈꾸는 목젖 브레이커 전주 Zombie Trip 3 Road to ZOMBIE ROYAL
43,[1시간/1hour] Trip (feat.Hannah) - 릴러말즈 - 릴러말즈 파트,7sjXpoRVZQE,UC1hdsihz2NoU_QhYs9JGfog,18303,158,115.84177215189874,1,1시간 1hour Trip feat Hannah 릴러말즈 릴러말즈 파트
45,[12화] 인상 때문에 매번 시비가 걸렸다는 광주 &amp; 좀비가 되기 위해 전주에서 온 우즈벡ㅣZombie Trip 3: Road to ZOMBIE ROYAL,VWI-kfAcWDQ,UCc7o0OkR2BDFN4TCgPChjEw,866712,1100000,0.78792,0,12화 인상 때문에 매번 시비가 걸렸다는 광주 amp 좀비가 되기 위해 전주에서 온 우즈벡 Zombie Trip 3 Road to ZOMBIE ROYAL
46,[1화] 대구 도깨비 복수하러 온 강동 &amp; 하도 싸워 술집 입뺀 당한 홍대ㅣZombie Trip 3: Road to ZOMBIE ROYAL,zaaNqeBTOhY,UCc7o0OkR2BDFN4TCgPChjEw,1561123,1100000,1.4192027272727272,1,1화 대구 도깨비 복수하러 온 강동 amp 하도 싸워 술집 입뺀 당한 홍대 Zombie Trip 3 Road to ZOMBIE ROYAL
47,Jacquees - Trip (official audio),7LFycuPVpuY,UCDiuS2C88BXiX32qFqG93SA,19579247,10900,1796.2611926605505,1,Jacquees Trip official audio
48,포브스 선정 2019년 최고의 떼창,p5PFXKxAMzg,UCko1k258OSms8NqBTQd1EBQ,1701920,29300,58.08600682593857,1,포브스 선정 2019년 최고의 떼창
49,[KIKI TRIP] EP.6 Happy Bongsook day 🐶ㅣ봉숙 공주님의 생일파티에 초대합니다 ˚ෆ*₊,JqYTo8NLO9Q,UCZvCP6sWj75MwpUP4LVtpNw,37071,2570000,0.014424513618677044,0,KIKI TRIP EP 6 Happy Bongsook day 봉숙 공주님의 생일파티에 초대합니다
50,Ella Mai - Trip,W16bk86xIY0,UCdVlI3zsHhvKKH4OEQVHyHA,138729519,258000,537.7113139534883,1,Ella Mai Trip
51,[2화] 격투 만화에 영감받는 까치산 &amp; 싸움 터지면 호출 1순위 신림ㅣZombie Trip 3: Road to ZOMBIE ROYAL,DRI3RHCCmaE,UCc7o0OkR2BDFN4TCgPChjEw,1228619,1100000,1.1169263636363636,1,2화 격투 만화에 영감받는 까치산 amp 싸움 터지면 호출 1순위 신림 Zombie Trip 3 Road to ZOMBIE ROYAL
52,[13화] &#39;파괴왕&#39; 면전에 도발하는 성남 &amp; 아가리 파이터 오명 씻으러 온 시흥ㅣZombie Trip 3: Road to ZOMBIE ROYAL,J5h9kIIGzlA,UCc7o0OkR2BDFN4TCgPChjEw,819603,1100000,0.7450936363636363,0,13화 39 파괴왕 39 면전에 도발하는 성남 amp 아가리 파이터 오명 씻으러 온 시흥 Zombie Trip 3 Road to ZOMBIE ROYAL
53,NCT 127 엔시티 127 &#39;Road Trip&#39; Track Video #3,LNwQLJaT_a8,UCk2E0dbAyEJWnrN2bbQOcbg,4302238,5550000,0.775178018018018,0,NCT 127 엔시티 127 39 Road Trip 39 Track Video 3
54,Ep 1. 아날로그 트립 여행의 실체  | Analog Trip (아날로그 트립),ioWAoEVYaP0,UCEf_Bc-KVd7onSeifS3py9g,10688644,32300000,0.3309177708978328,0,Ep 1 아날로그 트립 여행의 실체 Analog Trip 아날로그 트립
55,보너스 영상 #3 | 아날로그 트립 (Analog Trip NCT 127: Escape From Magic Island),axpxtlwRwzA,UCk2E0dbAyEJWnrN2bbQOcbg,636414,5550000,0.11466918918918918,0,보너스 영상 3 아날로그 트립 Analog Trip NCT 127 Escape From Magic Island
56,[#원나잇푸드트립] (1시간) 두 발로 걸어다니는 고기 먹는 하마 현주엽🦛 1박 2일동안 캄보디아 음식 다 털고 온 먹보스의 먹방 | #나중에또볼동영상,6k9L9ZgBt0U,UCWYzc_p0GgfCepIWDHGFmEg,336024,3380000,0.09941538461538461,0,원나잇푸드트립 1시간 두 발로 걸어다니는 고기 먹는 하마 현주엽 1박 2일동안 캄보디아 음식 다 털고 온 먹보스의 먹방 나중에또볼동영상
57,"릴러말즈의 킬링벌스를 라이브로! / 두 개였으면 해, 방에 혼자 있을 때, namchin, Trip, 야망, 비워, 1, Kick that, 도시생활",3vpUarAbmFI,UCviI9lzTe2pkxJ9M2ArA7WQ,10875016,2160000,5.03472962962963,1,릴러말즈의 킬링벌스를 라이브로 두 개였으면 해 방에 혼자 있을 때 namchin Trip 야망 비워 1 Kick that 도시생활
58,그냥 레전드인 릴러말즈 trip 떼창,bQEyjtzgCZU,UCtR4fVDkNuDKuT8j1yV5QkA,109913,71,1548.0704225352113,1,그냥 레전드인 릴러말즈 trip 떼창
59,[10화] 십이천인이며 팔부신중이며 사천왕이신 비사문천을 섬기는 구미ㅣZombie Trip 3: Road to ZOMBIE ROYAL,EAu3pjBsPE8,UCc7o0OkR2BDFN4TCgPChjEw,1111801,1100000,1.010728181818182,1,10화 십이천인이며 팔부신중이며 사천왕이신 비사문천을 섬기는 구미 Zombie Trip 3 Road to ZOMBIE ROYAL
60,"🌄 세계 3대 등산/백패킹 배낭 종류, 장단점, 역사, 사이즈│오스프리, 그레고리, 도이터│등산배낭추천│백패킹배낭추천│등산유튜버│아웃도어큐레이터",NtuAaaqBi5M,UCXzEKxrYQTe6h_2mZK7AszQ,286269,40900,6.999242053789731,1,세계 3대 등산 백패킹 배낭 종류 장단점 역사 사이즈 오스프리 그레고리 도이터 등산배낭추천 백패킹배낭추천 등산유튜버 아웃도어큐레이터
61,백패킹 배낭 중복투자 가이드! 6종의 용량별 배낭 구입 연대기 | 툴레 | 노스페이스 | 몽벨 | 야마토미치 | 버그하우스,ZvFSq2hc964,UC9bXhgRhpkzZXo4E9GaE7qA,38974,1090,35.75596330275229,1,백패킹 배낭 중복투자 가이드 6종의 용량별 배낭 구입 연대기 툴레 노스페이스 몽벨 야마토미치 버그하우스
62,[인스팅트 배낭] 그냥 착용하지 마세요!!!  내 몸에 &#39;착붙&#39;하게 메는 방법 / 인스팅트 18리터의 수납력과 크기 비교,L2_BV4IFR0M,UC5mw63Yj12G7dD-fb-QOSEw,82657,107000,0.7724953271028038,0,인스팅트 배낭 그냥 착용하지 마세요 내 몸에 39 착붙 39 하게 메는 방법 인스팅트 18리터의 수납력과 크기 비교
63,2023년 불티나게 팔린 등산배낭 추천순위 TOP10,PYILd3v_l3M,UCCadBjYJlCIBf7gbaP2t0pA,26902,21300,1.2630046948356808,1,2023년 불티나게 팔린 등산배낭 추천순위 TOP10
64,등산배낭 20개 있는 여자가 정리해줌! (사이즈 별 등산가방),KFMe-suE3Iw,UCwc5yW-HBQrYnkPEI8kRl8w,145278,251000,0.578796812749004,0,등산배낭 20개 있는 여자가 정리해줌 사이즈 별 등산가방
65,혁신적인 등산배낭 출시! 단 하나의 배낭만 살 수 있다면 이걸로.,jr2BiOUGeL8,UCZh5CBGgwKzCGzAUEMnIt9Q,845131,1160,728.5612068965518,1,혁신적인 등산배낭 출시 단 하나의 배낭만 살 수 있다면 이걸로
66,내돈내산 가성비 등산배낭! 올 여름 하나만 산다면 강력 추천합니다!!,FPOsEJ-xQVs,UCwc5yW-HBQrYnkPEI8kRl8w,114248,251000,0.45517131474103584,0,내돈내산 가성비 등산배낭 올 여름 하나만 산다면 강력 추천합니다
67,👶아기 백패커 승윤이! 중수의 백패킹 배낭 훔쳐보기 ⛰️🎒 | 승윤이의 백패킹 입문기 | 백패킹의 모든 것,bftdnm3p46Q,UCA_Jls3B5bUhoz_tXhD9hlw,186945,84600,2.2097517730496454,1,아기 백패커 승윤이 중수의 백패킹 배낭 훔쳐보기 승윤이의 백패킹 입문기 백패킹의 모든 것
68,Create a leather backpack with ostrich patterned leather#shorts  #bagmaking   #leather #handmade,HpUBeSoKoMI,UCDJzP6yXs9ZMdweU7zIXFUA,732,27500,0.02661818181818182,0,Create a leather backpack with ostrich patterned leather shorts bagmaking leather handmade
69,P1Harmony (피원하모니) – &#39;배낭여행 (Better Together)&#39; Our Home ver.,3bWSouYCtH0,UCe-XzQhLaq4zS_mPXzuc_2Q,137768,973000,0.14159095580678316,0,P1Harmony 피원하모니 39 배낭여행 Better Together 39 Our Home ver
70,경량 등산가방 추천! 아무거나 사실 분은 그냥 가세요! 2023년 역대급 가성비 인기 최신순위 업데이트 best5,2KU-PRJhS10,UCUj0O1wFQUEEsYYvkWScfuA,28905,138000,0.20945652173913043,0,경량 등산가방 추천 아무거나 사실 분은 그냥 가세요 2023년 역대급 가성비 인기 최신순위 업데이트 best5
71,(솔직리뷰) 하나만 산다면 무조건 추천합니다.,-2p-r4KHu3o,UCwc5yW-HBQrYnkPEI8kRl8w,272343,251000,1.0850318725099601,1,솔직리뷰 하나만 산다면 무조건 추천합니다
72,도이터 배낭 추천 2023년 이거 하나로 끝내시죠! 역대급 가성비 인기 최신순위 best 업데이트,t09yk7cv__w,UCUj0O1wFQUEEsYYvkWScfuA,14759,138000,0.10694927536231884,0,도이터 배낭 추천 2023년 이거 하나로 끝내시죠 역대급 가성비 인기 최신순위 best 업데이트
73,ENG SUB)세계적으로 대히트친 여행용 백팩 - 노매틱 트래블 백팩을 메고 실제 여행을 다녀와보았다! 진짜 좋은점과 치명적인 단점은?,m5R36M8CKOA,UC3bpSCEcyeR3G_eip8Wpb1g,2147512,350000,6.1357485714285716,1,ENG SUB 세계적으로 대히트친 여행용 백팩 노매틱 트래블 백팩을 메고 실제 여행을 다녀와보았다 진짜 좋은점과 치명적인 단점은
74,🌄 등산/백패킹/여행 배낭 스마트하게 고르고 패킹하는 진짜 노하우!,l5pjFQwnfJ8,UCXzEKxrYQTe6h_2mZK7AszQ,92446,40900,2.2602933985330074,1,등산 백패킹 여행 배낭 스마트하게 고르고 패킹하는 진짜 노하우
76,P1Harmony (피원하모니) - ‘배낭여행 (Better Together)’ (@5th Mini Album &#39;HARMONY : SET IN&#39; COUNTDOWN SHOWCASE),HJ-z9TOjFkU,UCe-XzQhLaq4zS_mPXzuc_2Q,72304,973000,0.0743103802672148,0,P1Harmony 피원하모니 배낭여행 Better Together 5th Mini Album 39 HARMONY SET IN 39 COUNTDOWN SHOWCASE
77,💪사나이 가슴을 뛰게 하는... 미스테리랜치에서 백패킹용 배낭 구매했습니다🫡 | 가산 백패커스라운지,AFFGjcTyFsg,UCA_Jls3B5bUhoz_tXhD9hlw,98751,84600,1.1672695035460994,1,사나이 가슴을 뛰게 하는 미스테리랜치에서 백패킹용 배낭 구매했습니다 가산 백패커스라운지
78,"방수력 끝판 배낭 도이터 버트레일 16 [2022 ISPO 수상] / 계곡트레킹, 종주배낭, 스피드 하이킹용",oKT7b4Auqbc,UCih19GxFWaXA66yCFDkRwQg,21836,55800,0.39132616487455196,0,방수력 끝판 배낭 도이터 버트레일 16 2022 ISPO 수상 계곡트레킹 종주배낭 스피드 하이킹용
79,등산배낭 에 등산스틱 부착하는팁,PN28KHLjJkY,UC2bp8R6rjQUYDPZssmZx4og,88484,18200,4.861758241758242,1,등산배낭 에 등산스틱 부착하는팁
80,4k 당일 등산에서 종주 백패킹까지 되는 다양한 배낭들 비교 | 20~30대 유행 배낭? | 이효리 배낭 | 그레고리 데이팩 | 도이터 어센더 13 | 블다 디스턴스 8 |,sOELwtSIovw,UCvPBYAL9MnknSUKVqeXCERw,61432,11800,5.2061016949152545,1,4k 당일 등산에서 종주 백패킹까지 되는 다양한 배낭들 비교 20 30대 유행 배낭 이효리 배낭 그레고리 데이팩 도이터 어센더 13 블다 디스턴스 8
81,등산 배낭이 크면 좋은 이유ㅣ등산배낭각잡기ㅣ배낭 각 세우기ㅣ등산배낭꾸리기ㅣ등산준비물 ㅣ등산배낭크기ㅣ등산배낭사이즈ㅣ등산배낭추천,VHBqTOGc9gY,UCXzEKxrYQTe6h_2mZK7AszQ,44485,40900,1.0876528117359414,1,등산 배낭이 크면 좋은 이유 등산배낭각잡기 배낭 각 세우기 등산배낭꾸리기 등산준비물 등산배낭크기 등산배낭사이즈 등산배낭추천
82,등산배낭추천 피엘라벤 싱기 28 &amp; 아비스코 라이트 트레킹 자켓 우먼 구매했어요! fjallraven singi 28 &amp;ABISKO Lite Trekking Jacket,qu85D0sUN5c,UCXkuCjImYLNlKneNBepWd-Q,27475,3930,6.9910941475826975,1,등산배낭추천 피엘라벤 싱기 28 amp 아비스코 라이트 트레킹 자켓 우먼 구매했어요 fjallraven singi 28 amp ABISKO Lite Trekking Jacket
83,배낭 살빠지는 영상 / 경량 백팩 3대장 비교 추천,THvMHL6bpbg,UCViCpdE7p7P9qxyjXImrHTQ,22575,3810,5.925196850393701,1,배낭 살빠지는 영상 경량 백팩 3대장 비교 추천
84,요즘 제일 잘 나가는 경량 등산 가방. 이 가방이 그렇게 좋다고? 트레일러닝 배낭을 사람들이 좋아하는 이유! 등산 백팩 하나만 사야 한다면 ? 오니지 등산가방,_381eBdNjRY,UCDVUVn1-LgD6sqmoL4jpPPA,27558,480,57.4125,1,요즘 제일 잘 나가는 경량 등산 가방 이 가방이 그렇게 좋다고 트레일러닝 배낭을 사람들이 좋아하는 이유 등산 백팩 하나만 사야 한다면 오니지 등산가방
85,"아크테릭스,블랙다이아몬드,피엘라벤,클라터뮤젠  하루만에 다 돌아다님. 25명에게 추천받은 등산가방 직접 메보고 사기",odeu9z0BrGk,UCG__bGNQAo0_7OoV5afGjMw,35403,746,47.457104557640754,1,아크테릭스 블랙다이아몬드 피엘라벤 클라터뮤젠 하루만에 다 돌아다님 25명에게 추천받은 등산가방 직접 메보고 사기
87,(SUB)이 가격에 이렇게 좋은 등산 백팩을 살 수 있다고?? l 배낭 구입 전 필수 시청 l 데카트론 등산 백팩,jDGV4GxqqBE,UCUJTk0fJAHySQhgO6guBWTA,39647,37000,1.0715405405405405,1,SUB 이 가격에 이렇게 좋은 등산 백팩을 살 수 있다고 l 배낭 구입 전 필수 시청 l 데카트론 등산 백팩
88,언제든 닥칠 수 있는 재난...&#39;생존 배낭&#39;은 이렇게 / YTN,Z8WRusPhqKk,UChlgI3UHCOnwUGzWzbJ3H5w,29894,4350000,0.006872183908045977,0,언제든 닥칠 수 있는 재난 39 생존 배낭 39 은 이렇게 YTN
89,[박영준TV] 저렴하고 등판이 시원한 소형 배낭 |  도이터 AC Lite 24,heleGmha8J8,UCSN4Do-FVaOlXRB92B2BtLg,24727,45700,0.5410722100656455,0,박영준TV 저렴하고 등판이 시원한 소형 배낭 도이터 AC Lite 24
90,[Playlist] 우리 나중에 파리 여행 가면 에펠탑 보면서 같이 듣자,1yXZIFYv4SE,UCKxknVfRWj3YKZuE_qiWZ4Q,9344107,797000,11.724099121706399,1,Playlist 우리 나중에 파리 여행 가면 에펠탑 보면서 같이 듣자
91,"[playlist] 사랑이 머무는 곳, 파리 with 미셸 들라크루아",LQ6EahmtDCk,UCweFCeE7R38-pvPl6RifWpw,350159,744000,0.4706438172043011,0,playlist 사랑이 머무는 곳 파리 with 미셸 들라크루아
92,🇫🇷 최애 도시가 파리인 여성의 나홀로 파리 여행 브이로그 1편 | 낭만 가득 파리지앵 따라잡기,tv0TNaqEw4A,UCl3J7K9_0-puWyARcRogo8w,1658,381,4.351706036745407,1,최애 도시가 파리인 여성의 나홀로 파리 여행 브이로그 1편 낭만 가득 파리지앵 따라잡기
93,파리가 아닌 서울에 살고 있는 이유,Px_npxNNRSI,UCqH1ZFdimCKiDzAMB5tFpTg,3984773,424000,9.398049528301886,1,가 아닌 서울에 살고 있는 이유
94,📍파리 핵심 지리 한방 정리 + 몽마르뜨 언덕에 가는 3가지 방법 🇫🇷 파리 09,7vuyX6ldKgE,UCvW8norVMTLt7QN-s2pS4Bw,264885,1710000,0.15490350877192982,0,파리 핵심 지리 한방 정리 뜨 언덕에 가는 3가지 방법 파리 09
95,이것만 보면 파리 완전 정복! &#39;프랑스&#39; 여행｜KBS 방송,EuqPhwqGi_E,UCFw4M1BJYYdN1YtS8SzlDzg,12309,784000,0.015700255102040817,0,이것만 보면 파리 완전 정복 39 프랑스 39 여행 KBS 방송
96,파리 여행코스 완벽 총정리! 초심자부터 n번째 여행자까지 모두 만족시키는 영상,QetTbhRcEME,UC98aniwMMryBGhwOsvmsqQQ,122862,43200,2.844027777777778,1,파리 여행코스 완벽 총정리 초심자부터 n번째 여행자까지 모두 만족시키는 영상
97,"L’Amour, Les Baguettes, Paris (L’Amour, Les Baguettes, Paris)",XtYGk-kvWP0,UC3eBTaOkliYBUdyIPP2H_bg,10400371,53300,195.12891181988743,1,L Amour Les Baguettes Paris L Amour Les Baguettes Paris
98,"🇫🇷 Paris Vlog 파리 패션회사출근, 루이비통 로스코 전시, 볼리아 언박싱, 결혼 청첩장 모임, 아시안마트 장보기, 설날 만두빚기, 내추럴와인바 추천, 프랑스직장인 일상",kq2YIoLM-fY,UCQNdyIlIxo_8PebYtUUTYuw,524,7990,0.0655819774718398,0,Paris Vlog 파리 패션회사출근 루이비통 로스코 전시 볼리아 언박싱 결혼 청첩장 모임 아시안마트 장보기 설날 만두빚기 내추럴와인바 추천 프랑스직장인 일상
99,14분만에 프랑스 파리 동네 완벽하게 알아보기 🇫🇷,GdAiNCL9Jy4,UCOc1RaFkXsrLQgLG4ygVD1Q,404157,84700,4.771629279811098,1,14 프랑스 완벽하게
100,"효진쓰, 파리에 가다🇫🇷 루이비통 전시회, 블핑 리사가 출연한 크레이지호스쇼도 보고, 프랑스 파리 맛집 먹방 ✨with 메이크업포에버 ✨",3c2Mi83qbcY,UCuZu8NrpBG4WPXRi-hPBl-A,170158,1840000,0.09247717391304348,0,효진쓰 파리에 가다 루이비통 전시회 블핑 리사가 출연한 크레이지호스쇼도 보고 프랑스 파리 맛집 먹방 with 메이크업포에버
101,[SUB] 파리에서 3000만원 도난 당했습니다.,4OrUZs1Thww,UCa3rtpRevP5UyAFX358w0iA,777042,152000,5.112118421052632,1,SUB 파리에서 3000만원 도난 당했습니다
102,"사랑이고 바게트겠지, 파리 🥖 L’amour, les baquettes, Paris - Stella Jang (가사/해석)",CnL56e3ElwI,UCK5McCdMW7QtPfhzF8sXZTg,1268394,2390,530.7087866108786,1,사랑이고 바게트겠지 파리 L amour les baquettes Paris Stella Jang 가사 해석
103,[4K] PARIS 2024 🇫🇷 1 Hour Aerial Drone Relaxation Film UHD | FRANCE,WHNNHAoaZD4,UCqpzY0_0ucWZQ8_LPGDxFtQ,822772,42300,19.450874704491724,1,4K PARIS 2024 1 Hour Aerial Drone Relaxation Film UHD FRANCE
104,지하철 왜 타? 모든 것이 연결되어있는 파리 주요명소 위치 안내! ※ 말 많음 주의 ※,Qz76usUHyOE,UCVPya-SeBD3VB23gJUV6OmA,301656,38500,7.835220779220779,1,지하철 왜 타 모든 것이 연결되어있는 파리 주요명소 위치 안내 말 많음 주의
105,vlog. 🇫🇷 첫 파리 여행. 파리에서 6일간의 기록. 파리 숙소🏨 파리 맛집🍽️ 빵집🥐 그리고 미술관.. 박물관.. 성당.. 다 다녀왔다! 파리 여행 브이로그.,ywj_E3oGIkc,UCKR0gyNqExGIMVvyPYGyd2A,20896,91,229.62637362637363,1,vlog 첫 파리 여행 파리에서 6일간의 기록 파리 숙소 파리 맛집 빵집 그리고 미술관 박물관 성당 다 다녀왔다 파리 여행 브이로그
106,"🇫🇷 좋아하는 것들로만 가득 채운 네번째 파리 여행🥖ㅣ최애 맛집 추천ㅣ디올가방 도난🤦‍♀️ㅣ개구리다리 요리(?)🐸ㅣ파리 재즈바, 미슐랭투스타, 메종로스탕, 리츠 애프터눈티",pIw6OT38a_U,UCnnt-d-DDgO4_9tL-icCjMQ,254680,174000,1.4636781609195402,1,좋아하는 것들로만 가득 채운 네번째 파리 여행 최애 맛집 추천 디올가방 도난 개구리다리 요리 파리 재즈바 미슐랭투스타 메종로스탕 리츠 애프터눈티
107,파리에서 소매치기 당한 영상,GBNkpwEgpBs,UCewTkRux7toL0N9dR9igLKg,563042,181000,3.1107292817679557,1,파리에서 소매치기 당한 영상
108,"Paris Vlogㅣ파리 감성 가득 담은 주부의 파리 여행 🇨🇵ㅣ벼룩시장, 소품샵, 서점 추천ㅣ파리만 7번째..ㅣ십년만의 혼자 여행ㅣ대한항공 비즈니스 타기",dXzQso9FQCI,UCy0229ISL-677SAuK_1In_A,1141568,2540000,0.449436220472441,0,Paris Vlog 파리 감성 가득 담은 주부의 파리 여행 벼룩시장 소품샵 서점 추천 파리만 7번째 십년만의 혼자 여행 대한항공 비즈니스 타기
109,☕️ 예술가들은 왜 생제르맹 카페에 모였을까? | 🇫🇷 파리 01,Y9sD-S2tNro,UCvW8norVMTLt7QN-s2pS4Bw,383408,1710000,0.22421520467836256,0,예술가들은 왜 생제르맹 카페에 모였을까 파리 01
110,"&quot;이강인 너 나가&quot; 이강인 역대 최악 부진, 45분만에 교체 결정;; PSG 최악의 경기력 7위팀에게 홈에서 충격 무승부.. 이강인 최악의 날... [PSG vs 스타드 렌]",ZhZH8UNc5Qs,UCLsJ7sVuGf0auEySnT2BHag,26536,277000,0.09579783393501805,0,quot 이강인 너 나가 quot 이강인 역대 최악 부진 45분만에 교체 결정 PSG 최악의 경기력 7위팀에게 홈에서 충격 무승부 이강인 최악의 날 PSG vs 스타드 렌
111,Paris vlog,6K_P3geJTls,UCBo1hnzxV9rz3WVsv__Rn1g,4726013,6920000,0.6829498554913295,0,Paris vlog
112,프랑스 4평 자취방 l &quot;작아도 파리에 사는게 좋아요&quot; l 프랑스 파리 월세,EtrSvfCXoA0,UCtYHCl8yhhvpWfcvdA_sCVg,861063,705000,1.2213659574468085,1,프랑스 4평 자취방 l quot 작아도 파리에 사는게 좋아요 quot l 프랑스 파리 월세
113,악명높은 파리 소매치기에서 내 돈 지키기,_QEvGljqc80,UCzhiEBaGQLmL4zC7xgG0eQw,945938,78100,12.111882202304738,1,악명높은 파리 소매치기에서 내 돈 지키기
114,(SUB) NAYEON in PARIS 모녀 파리여행🇫🇷 | LVMH 그룹 호텔 슈발블랑 | 랜선 호캉스😌 | 파리 맛집추천🥄 l 오페라 가르니에 | 디올스파,2Difxku_AHI,UCbFbzOHmp04AS2ZkFSpQ4Og,256003,383000,0.6684151436031331,0,SUB NAYEON in PARIS 모녀 파리여행 LVMH 그룹 호텔 슈발블랑 랜선 호캉스 파리 맛집추천 l 오페라 가르니에 디올스파
115,파리에는 혁명의 피가 흐른다 [아트 앤 더 시티_파리 1부] f.세종사이버대학교 전원경 교수,nw9JO0R-mzM,UChlv4GSd7OQl3js-jkLOnFA,112209,2380000,0.04714663865546218,0,파리에는 혁명의 피가 흐른다 아트 앤 더 시티 파리 1부 f 세종사이버대학교 전원경 교수
116,[playlist] 무드가 흐르는 파리의 어느 한적한 강가에서,osszvKODeTM,UCweFCeE7R38-pvPl6RifWpw,4719358,744000,6.34322311827957,1,playlist 무드가 흐르는 파리의 어느 한적한 강가에서
117,파리엔 왜 소매치기가 많을까? 파리 소매치기 안 당하기.,NTR1vM5jTbQ,UCVPya-SeBD3VB23gJUV6OmA,535285,38500,13.903506493506493,1,파리엔 왜 소매치기가 많을까 파리 소매치기 안 당하기
118,파리여행 전 알고와야 할 모든것 총정리 [꿀팁],y4ObYEBA1iU,UCgn2oOuzSqot9X2wqFZYTcA,93553,6650,14.068120300751879,1,파리여행 전 알고와야 할 모든것 총정리 꿀팁
119,"L’Amour, Les Baguettes, Paris - 스텔라장 [더 시즌즈-최정훈의 밤의공원] | KBS 230630 방송",4qCtNpxK_qI,UCeLPm9yH_a_QH8n6445G-Ow,862746,8580000,0.10055314685314685,0,L Amour Les Baguettes Paris 스텔라장 더 시즌즈 최정훈의 밤의공원 KBS 230630 방송
120,London (Extended Mix),t2teD-1JMpI,UCXs5TXiJOO4WNBZx64HkPfg,26738,219,122.09132420091325,1,London Extended Mix
121,현지인들도 절레 절레 하는 미친 물가 영국 런던 둘러보기 (ft.친절한 시민들)  - 영국(1) 🇬🇧,4TxxH12pCZ4,UC_4hHKHUcs9bGpl_zDAOxvg,66469,457000,0.14544638949671773,0,현지인들도 절레 절레 하는 미친 물가 영국 런던 둘러보기 ft 친절한 시민들 영국 1
122,호갱금지❌ 단짠 런던브이로그🇬🇧 (✔️살인물가 런던...ㄷㄷ 런던 호텔 대폭망ㅠ 존잘 영국남자들😍 넘 예쁜 런던야경투어✨ 런던여행꿀팁),BBmAGZYsO98,UCgRElRhf8PWv95nqExiQXHA,4389,173000,0.02536994219653179,0,호갱금지 단짠 런던브이로그 살인물가 런던 ㄷㄷ 런던 호텔 대폭망 존잘 영국남자들 넘 예쁜 런던야경투어 런던여행꿀팁
123,"[4K] 영화 속에 들어온 것만 같았던, 겨울 런던 여행 vlog🎡🇬🇧 | 쏘니 보러 영국 갔더니 인생여행이 따라옴🥹 | 박싱데이🎄 | 런던 야경 명소 | 런던 맛집 추천",cBt-UWtcZ_8,UCi7V8a0YPFKwEXlsitPCo-A,1301,367,3.544959128065395,1,4K 영화 속에 들어온 것만 같았던 겨울 런던 여행 vlog 쏘니 보러 영국 갔더니 인생여행이 따라옴 박싱데이 런던 야경 명소 런던 맛집 추천
125,"템즈강, 안개, 여왕의 땅 런던 [런던 1부] f.세종사이버대학교 전원경 교수",-nZCTftUv8c,UChlv4GSd7OQl3js-jkLOnFA,130215,2380000,0.054712184873949576,0,템즈강 안개 여왕의 땅 런던 런던 1부 f 세종사이버대학교 전원경 교수
126,런던 여행코스 이 영상으로 종결합니다 👩‍🏫 초심자부터 n번째 여행자까지 모두 만족시키는 영상,F7wjAI03tbk,UC98aniwMMryBGhwOsvmsqQQ,70811,43200,1.6391435185185186,1,런던 여행코스 이 영상으로 종결합니다 초심자부터 n번째 여행자까지 모두 만족시키는 영상
127,[배틀트립과 함께 떠나는 랜선여행 1] - 런던편 전반전 | KBS 161112 방송,2x3APtAjWhQ,UC271vX3c3kYZsgpz7-zPBoA,105502,959000,0.11001251303441084,0,배틀트립과 함께 떠나는 랜선여행 1 런던편 전반전 KBS 161112 방송
128,런던여행때 추억을 임영웅의노래 런던보이와 함께쉰나💙 #임영웅 #런던보이 #런던여행,KXx-KMm_8c4,UCVRK8QlTWIuSVLX-aMS2bXA,111,3540,0.03135593220338983,0,런던여행때 추억을 임영웅의노래 런던보이와 함께쉰나 임영웅 런던보이 런던여행
129,내 손안에 영국 런던 랜선 여행! 현재와 과거의 볼거리로 가득한 런던의 곳곳을 알려드립니다!! 런던 여행가기 전에 보면 좋은 영상,fFQH-w5UHxQ,UCFCtZJTuJhE18k8IXwmXTYQ,42273,3860000,0.010951554404145077,0,내 손안에 영국 런던 랜선 여행 현재와 과거의 볼거리로 가득한 런던의 곳곳을 알려드립니다 런던 여행가기 전에 보면 좋은 영상
130,런던 해질녘 분위기 감성 팝송 ✨ 새벽감성 잔잔한 팝송 | Design making tutorial,rW9ajWSk_HM,UCdp8WGk7l78AIGooOvO35IQ,2303382,168000,13.710607142857143,1,런던 해질녘 분위기 감성 팝송 새벽감성 잔잔한 팝송 Design making tutorial
131,"[LIVE] 의료공백 위기에 웃고있는 K주식들, 그 정체는?",8xEx_JB_l2c,UC4-Y6u1a0j2et5k35EQHU0w,23275,114000,0.20416666666666666,0,LIVE 의료공백 위기에 웃고있는 K주식들 그 정체는
132,"🇬🇧뉴욕 직장인의 런던 Vlog | 나홀로 런던 | 유럽 크리스마스 | 연말 분위기 | 미슐린 맛집 | 빅밴, 버로우마켓, 런던아이, 피쉬앤칩스, 대영박물관, 테이트뮤지엄, 소호",L47OZsZig94,UCyCKuniZTvaitVzWORJcZPQ,44166,77100,0.57284046692607,0,뉴욕 직장인의 런던 Vlog 나홀로 런던 유럽 크리스마스 연말 분위기 미슐린 맛집 빅밴 버로우마켓 런던아이 피쉬앤칩스 대영박물관 테이트뮤지엄 소호
133,"𝐏𝐥𝐚𝐲𝐥𝐢𝐬𝐭 런던의 아침, 내가 좋아하는 카페에서",l2JGIFSKzJA,UCwbTjvrdFj3OrTqEba83Y-Q,153831,56100,2.7420855614973263,1,런던의 아침 내가 좋아하는 카페에서
134,"영국 예술의 모든 것, 셰익스피어 [런던 2부] f.세종사이버대학교 전원경 교수",bmMnLNGFKT4,UChlv4GSd7OQl3js-jkLOnFA,81613,2380000,0.034291176470588235,0,영국 예술의 모든 것 셰익스피어 런던 2부 f 세종사이버대학교 전원경 교수
135,(ENG) 런던 2탄,WBuyfcarWxk,UC9MujNQL4vQwX9kMpmQPIKw,368259,517000,0.7122998065764024,0,ENG 런던 2탄
136,백예린 (Yerin Baek) - &#39;London&#39; (Official Lyric Video),gYRzYw7wxTQ,UCYoNPLKd1kXh4v3bvIx1pTA,668042,428000,1.5608457943925234,1,백예린 Yerin Baek 39 London 39 Official Lyric Video
137,런던 김인수 /24년 2월 24일 / 조국신당 / 배신자들 / 조국장관의 경호 / 이재명 대표의 경호 / 비례대표 선거에 대해서,1HQ5mHQMxjA,UCDCxuHfnFxk8h7-4edljWaA,17412,41500,0.419566265060241,0,런던 김인수 24년 2월 24일 조국신당 배신자들 조국장관의 경호 이재명 대표의 경호 비례대표 선거에 대해서
138,[#나혼자산다] 힙기안 &amp; 힙민호의 런던 제대로 즐기기! 감성있는 브런치 식사와🍳 힙한 빈티지샵에서의 쇼핑🧥🛍️  | #기안84 #송민호 #런던 MBC221118방송,cg6GM4UqOac,UCiwQRG2sCcfjKkgxMEdJGPg,1321561,2310000,0.5721043290043291,0,나혼자산다 힙기안 amp 힙민호의 런던 제대로 즐기기 감성있는 브런치 식사와 힙한 빈티지샵에서의 쇼핑 기안84 송민호 런던 MBC221118방송
139,LONDON vlog,74-hMv9X2VY,UCRE-097LGtx_Zo7LrHvkycA,13818900,4970000,2.78046277665996,1,LONDON vlog
140,"&quot;지하철 만원, 핫도그 만원이요&quot; 물가 최악 영국 런던에서 한국인으로 사는 충격적인 생활 비용[1]🇬🇧",qW-fr-CzpdQ,UCwjMQYL9vgbqGzxYW6dVhTw,743613,985000,0.7549370558375634,0,quot 지하철 만원 핫도그 만원이요 quot 물가 최악 영국 런던에서 한국인으로 사는 충격적인 생활 비용 1
141,【런던】여행 - 런던의 인기 관광 스팟 특집 | 영국 여행 | 유럽 여행 | London Travel,zPGKtTNx8M0,UC2ONGIlTLp90qV0uvU8P9WQ,78774,11200,7.033392857142857,1,런던 여행 런던의 인기 관광 스팟 특집 영국 여행 유럽 여행 London Travel
142,엔비디아 실적 앞두고 K-반도체가 미리 겁먹은 까닭,2SimraAbUfc,UC4-Y6u1a0j2et5k35EQHU0w,44587,114000,0.3911140350877193,0,엔비디아 실적 앞두고 K 반도체가 미리 겁먹은 까닭
143,겨울 런던여행 계획? 이 영상으로 끝 (feat.엑셀공유) 현지인 런던맛집 추천 | 런던카페 추천 | 런던 크리스마스 구경,23tCijbt5cU,UCq3IWYFhaTBfoX7d-JBGKLg,29862,6220,4.800964630225081,1,겨울 런던여행 계획 이 영상으로 끝 feat 엑셀공유 현지인 런던맛집 추천 런던카페 추천 런던 크리스마스 구경
144,리스닝 실력 업그레이드: 두 가지 효과적인 공부법 공개! 🎉,hDQMsQ2hYos,UCPR9uggZu956g8_SIcTyyJA,15224,381000,0.039958005249343835,0,리스닝 실력 업그레이드 두 가지 효과적인 공부법 공개
145,[Full] 세계테마기행 - 영국 프랑스 문명기행 1~4부,9YM-Se71pWY,UCFCtZJTuJhE18k8IXwmXTYQ,1489965,3860000,0.38600129533678756,0,Full 세계테마기행 영국 프랑스 문명기행 1 4부
146,(SUB)[vlog] 런던에서는 얼빡샷 많이 안 찍었어요🤭📸ㅣ하루가 보영 IN 런던,W0eTsxM5oc0,UCnNNN_BRvYTPf6w22tLhRGA,285556,173000,1.6506127167630058,1,SUB vlog 런던에서는 얼빡샷 많이 안 찍었어요 하루가 보영 IN 런던
147,(ENG) 런던 브이로그,vsY0rJUcWSs,UC9MujNQL4vQwX9kMpmQPIKw,1147398,517000,2.219338491295938,1,ENG 런던 브이로그
148,미국 증시에 양털깎이 나오면 한국은 양털‘뽑기’ 되는 이유,RnHbOwWIsGg,UC4-Y6u1a0j2et5k35EQHU0w,24324,114000,0.21336842105263157,0,미국 증시에 양털깎이 나오면 한국은 양털 뽑기 되는 이유
149,"런던,,10만원대 호텔,, 세인트폴 호텔 런던",jzH4Uk6sU8w,UC1OA0PWgSL3boEj-bkbnj1A,30909,42100,0.7341805225653206,0,런던 10만원대 호텔 세인트폴 호텔 런던
151,"🔴실시간 유엔빌리지 한강 Lofi radio Seoul Live Cam 🌃감성 힐링 음악 Beats to study/relax, Chillout Lounge",2RAg466ZSDA,UC2j9YVeDkez-niRM85BsvsA,258303,34000,7.59714705882353,1,실시간 유엔빌리지 한강 Lofi radio Seoul Live Cam 감성 힐링 음악 Beats to study relax Chillout Lounge
152,반년차 서울인의 서울 살면 좋은점 VS 나쁜점ㅋㅋㅋ,T5nBK8XyoRk,UC9ta639M37zzWKwo7kKc80A,831632,1200000,0.6930266666666667,0,반년차 서울인의 서울 살면 좋은점 VS 나쁜점ㅋㅋㅋ
153,"실시간 서울 한강 라이브캠 Seoul Korea 4K Live Cam &amp; 24/7 Lofi Radio 韓国ライブカメラ, 반포대교 야경, 로파이 라디오",-JhoMGoAfFc,UCQKQTgZJo3PlxA-9V1Z51XA,19542750,152000,128.57072368421052,1,실시간 서울 한강 라이브캠 Seoul Korea 4K Live Cam amp 24 7 Lofi Radio 반포대교 야경 로파이 라디오
154,쏜애플(THORNAPPLE) - 서울,xQUuW01mqrA,UCUalFJMKnBkB4irM_3sIhgw,215374,1900,113.35473684210527,1,쏜애플 THORNAPPLE 서울
155,적나라하게 드러나는 삶의 차이. 그들은 왜 서울을 버렸나|정착을 위해 한 뼘 고시원 속 외로이 살아가는 청년과 미련 없이 서울을 버린 청년들|다큐멘터리K|#골라듄다큐,e9RiknCFukw,UCFCtZJTuJhE18k8IXwmXTYQ,471214,3860000,0.1220761658031088,0,적나라하게 드러나는 삶의 차이 그들은 왜 서울을 버렸나 정착을 위해 한 뼘 고시원 속 외로이 살아가는 청년과 미련 없이 서울을 버린 청년들 다큐멘터리K 골라듄다큐
156,&#39;서울 불바다&#39; 영상 띄운 이스라엘…선 넘은 여론전 (자막뉴스) / SBS,nygJmO9yrQg,UCkinYTS9IHqOEwR1Sze2JTw,1541506,4080000,0.3778200980392157,0,39 서울 불바다 39 영상 띄운 이스라엘 선 넘은 여론전 자막뉴스 SBS
157,"지방 소도시보다 불편한 생활, 집값과 물가가 비싼 서울의 삶. 왜 그들은 떠나지 못할까?│다큐프라임 도시예찬│#골라듄다큐",d8DAF6JMVjo,UCFCtZJTuJhE18k8IXwmXTYQ,1320238,3860000,0.34203056994818654,0,지방 소도시보다 불편한 생활 집값과 물가가 비싼 서울의 삶 왜 그들은 떠나지 못할까 다큐프라임 도시예찬 골라듄다큐
159,쏜애플(THORNAPPLE) - &#39;서울&#39; Official MV,4H2G9NWVo3Q,UCUJuOBgZ4AcZNeyNqzH1udQ,563084,28300,19.89696113074205,1,쏜애플 THORNAPPLE 39 서울 39 Official MV
160,Seoul in 8K ULTRA HD - Capital of South korea (60 FPS),VTsGRGeBj98,UC4CAxaO75mfkPr3GRiSGE_w,585983,504000,1.1626646825396825,1,Seoul in 8K ULTRA HD Capital of South korea 60 FPS
161,지도와 함께 보는 서울(Seoul) 설명회,0vwmOLgjfOw,UCUj6rrhMTR9pipbAWBAMvUQ,1550330,2360000,0.6569194915254237,0,지도와 함께 보는 서울 Seoul 설명회
162,[Lyrics Video] BOL4(볼빨간사춘기) - Seoul,fXyuknzfL1A,UC9PVYlrwFSlqG7w8TDsqRvQ,204655,1260000,0.16242460317460317,0,Lyrics Video BOL4 볼빨간사춘기 Seoul
163,"모든 인프라와 인재를 빨아들이는 거대한 블랙홀, 서울! 서울이 유일한 선택지가 되어버린 대한민국, 이대로 괜찮을까?ㅣKBS다큐인사이트-하드코어 서울 1부 블랙홀 23.09.14방송",4NX5RDyYMxE,UC4LW3sOslC14Vn5bcoNUBkg,1066259,2020000,0.5278509900990099,0,모든 인프라와 인재를 빨아들이는 거대한 블랙홀 서울 서울이 유일한 선택지가 되어버린 대한민국 이대로 괜찮을까 KBS다큐인사이트 하드코어 서울 1부 블랙홀 23 09 14방송
164,"(SUB) 경복궁, 63빌딩은 이제 그만! 트렌디한 서울 데이트 코스 베스트 10 | 국내여행, 서울 가볼만한 곳, 서울 여행, 서울 놀거리, 서울 카페, 성수동 데이트",4ezge_qfjVg,UCEATlX6pN8V8vg_OTNLrCug,668680,28200,23.712056737588654,1,SUB 경복궁 63빌딩은 이제 그만 트렌디한 서울 데이트 코스 베스트 10 국내여행 서울 가볼만한 곳 서울 여행 서울 놀거리 서울 카페 성수동 데이트
165,Seoul,szOn9YsQUjI,UCLdpqi-SRtV-utyYjQNx6Uw,168296,22900,7.349170305676856,1,Seoul
166,"대본 없어 난감한 종범, 약 먹고 터닝 포인트 찾은 주성과 가볍게 커피 한잔 ㅣ ep.1",INCVMfLEYtU,UCXtWUl6qmPtibHVKIXbZlcA,19077,112000,0.17033035714285713,0,대본 없어 난감한 종범 약 먹고 터닝 포인트 찾은 주성과 가볍게 커피 한잔 ep 1
167,2024 줌 인 프리시즌 | EP. 5 | 전지훈련 마지막 이야기,YavnGYGaoHE,UCXtWUl6qmPtibHVKIXbZlcA,168819,112000,1.5073125,1,2024 줌 인 프리시즌 EP 5 전지훈련 마지막 이야기
168,"[4K Drone ✈] 10초 만에 힐링되는 영상, 놀라운 서울 야경(Night View of Seoul)  -  전지적서울시점",viIhOorr11I,UCZUPZW5idAxYp-Asj__lVAA,613832,196000,3.131795918367347,1,4K Drone 10초 만에 힐링되는 영상 놀라운 서울 야경 Night View of Seoul 전지적서울시점
169,Feel the Rhythm of KOREA: SEOUL,3P1CnWI62Ik,UChhOtjq-3QyyLmP2jv9amrg,50748664,1000000,50.748664,1,Feel the Rhythm of KOREA SEOUL
170,관광도 서울 몰빵,5J4d1WliJeI,UCsJ6RuBiTVWRX156FVbeaGg,690983,3060000,0.22581143790849673,0,관광도 서울 몰빵
171,서울 &#39;이 가격대&#39; 아파트들은 집값 많이 떨어질 겁니다 (채부심 채상욱 대표 2부),80-SRmOfkjI,UCvil4OAt-zShzkKHsg9EQAw,72634,2030000,0.03578029556650246,0,서울 39 이 가격대 39 아파트들은 집값 많이 떨어질 겁니다 채부심 채상욱 대표 2부
172,"서울실시간 서울역광장 Live Cam I &quot;Seoul Station Plaza&quot;. Seoul,Korea I 서울역 서울여행 서울광장 서울시 SeoulStation ソウル駅広場",Z63qwd7ISMA,UCsy6UOjk8q7Ajq9yQ7iDAbA,66883,46700,1.4321841541755889,1,서울실시간 서울역광장 Live Cam I quot Seoul Station Plaza quot Seoul Korea I 서울역 서울여행 서울광장 서울시 SeoulStation
173,서울의 봄 엔딩 씬 하나회 단체사진...,-1Fzx5S0Jgk,UCqlhA2pDvv4RCsdMaYracSg,899535,338,2661.346153846154,1,서울의 봄 엔딩 씬 하나회 단체사진
174,[자막뉴스] &#39;이렇게는 살 수가 없어요&#39;...서울 시민들이 내린 결론 / YTN,vpiWKSvVWns,UChlgI3UHCOnwUGzWzbJ3H5w,287694,4350000,0.06613655172413793,0,자막뉴스 39 이렇게는 살 수가 없어요 39 서울 시민들이 내린 결론 YTN
175,서울 가볼만한 곳 1위부터 7위,6WB_oTPuY0M,UCz8llctvIUM2zvL15B0oQxA,381797,326,1171.1564417177915,1,서울 가볼만한 곳 1위부터 7위
176,[MV] BOL4(볼빨간사춘기) - Seoul,r_ALdsMbwqI,UC9PVYlrwFSlqG7w8TDsqRvQ,3842522,1260000,3.0496206349206347,1,MV BOL4 볼빨간사춘기 Seoul
177,In Seoul (Feat. Sunwoojunga),mqy2CSqjqzQ,UCoNq-kohNtB6l7ChNheqW0g,259341,4580,56.62467248908297,1,In Seoul Feat Sunwoojunga
178,"| playlist | 1990, 서울",np68rSzOSeY,UClQLZ6IhugUkyRWjoVKPQVg,1197213,194000,6.171201030927835,1,playlist 1990 서울
179,쏜애플(THORNAPPLE) - 서울(instrumental ver.),MHrbW40F-TA,UCUJuOBgZ4AcZNeyNqzH1udQ,178816,28300,6.3185865724381625,1,쏜애플 THORNAPPLE 서울 instrumental ver
181,"봄, 여름, 가을, 겨울 나눠서 하루를 살아본다면?! 사계절 하루살기 가족 일상 브이로그 vlogㅣ토깽이네",83aQ-7JJQls,UCniBqAPwwWIQLbYo4uK2RWg,2100617,1140000,1.8426464912280702,1,봄 여름 가을 겨울 나눠서 하루를 살아본다면 사계절 하루살기 가족 일상 브이로그 vlog 토깽이네
182,타임머신 타고 과거 or 미래로 간다면?! 타임머신 하루살기 가족 일상 챌린지ㅣ토깽이네,3WTROL-XdVY,UCniBqAPwwWIQLbYo4uK2RWg,3411957,1140000,2.992944736842105,1,타임머신 타고 과거 or 미래로 간다면 타임머신 하루살기 가족 일상 챌린지 토깽이네
184,타임머신 하루살기 2탄!! 연령별 나이 하루살기를 해봤는데 누가 가장 좋을까요? 가족 일상 브이로그 vlogㅣ토깽이네,vITnBZqNcBg,UCniBqAPwwWIQLbYo4uK2RWg,1615326,1140000,1.4169526315789474,1,타임머신 하루살기 2탄 연령별 나이 하루살기를 해봤는데 누가 가장 좋을까요 가족 일상 브이로그 vlog 토깽이네
185,땅따먹기 하루살기 3탄! 이번엔 침대에서 해봤습니다~ 과연 땅부자 누가 될까요? 침대 땅따먹기 가족 챌린지ㅣ토깽이네,cJuE0GTKHJg,UCniBqAPwwWIQLbYo4uK2RWg,1814983,1140000,1.592090350877193,1,땅따먹기 하루살기 3탄 이번엔 침대에서 해봤습니다 과연 땅부자 누가 될까요 침대 땅따먹기 가족 챌린지 토깽이네
186,퍼스널 컬러대로 하루를 산다면?! 웜톤 vs 쿨톤 하루살기! 어느팀의 하루가 더 좋을까요? 가족 일상 챌린지ㅣ토깽이네,ZJgsFmgue6U,UCniBqAPwwWIQLbYo4uK2RWg,501085,1140000,0.4395482456140351,0,퍼스널 컬러대로 하루를 산다면 웜톤 vs 쿨톤 하루살기 어느팀의 하루가 더 좋을까요 가족 일상 챌린지 토깽이네
187,사람이 배터리로 움직인다면?! 남은 배터리로 어떻게 살아야 할까요? ㅋㅋ 배터리 하루살기 가족 일상 챌린지ㅣ토깽이네,lvDf8RPAi70,UCniBqAPwwWIQLbYo4uK2RWg,659415,1140000,0.5784342105263158,0,사람이 배터리로 움직인다면 남은 배터리로 어떻게 살아야 할까요 ㅋㅋ 배터리 하루살기 가족 일상 챌린지 토깽이네
188,"🇲🇾코타키나발루 vlog - 하루만 더, 하루만 더... 하다가 한 달이나 살게 되었다... / 코타키나발루 한달살기 ep.1 / 힐튼 호텔 / 제셀톤 포인트 / 탄중아루해변",9XtMJ_SlDi0,UCKf_gC9rzaIDIuwF13tAiDQ,159,78,2.0384615384615383,1,코타키나발루 vlog 하루만 더 하루만 더 하다가 한 달이나 살게 되었다 코타키나발루 한달살기 ep 1 힐튼 호텔 제셀톤 포인트 탄중아루해변
189,사투리 부터 음식까지 각자 뽑은 지역대로 하루를 산다면?! 대한민국 하루살기 가족 일상 챌린지ㅣ토깽이네,tqfV7mIkVEY,UCniBqAPwwWIQLbYo4uK2RWg,731706,1140000,0.6418473684210526,0,사투리 부터 음식까지 각자 뽑은 지역대로 하루를 산다면 대한민국 하루살기 가족 일상 챌린지 토깽이네
190,타임머신 타고 조선시대 간 가족?! 오늘은 조선시대에서 하루를 살아보겠습니다! 조선시대 하루살기 24시간 가족 일상 브이로그 vlogㅣ토깽이네,hFx0GhHNji4,UCniBqAPwwWIQLbYo4uK2RWg,794498,1140000,0.6969280701754386,0,타임머신 타고 조선시대 간 가족 오늘은 조선시대에서 하루를 살아보겠습니다 조선시대 하루살기 24시간 가족 일상 브이로그 vlog 토깽이네
191,하루종일 고체로만 살기 VS 하루종일 액체로만 살기 과연 가능할까요? 24시간 하루살기 가족 일상 브이로그( vlog)ㅣ토깽이네,o6us9iFJ16w,UCniBqAPwwWIQLbYo4uK2RWg,1546073,1140000,1.3562043859649122,1,하루종일 고체로만 살기 VS 하루종일 액체로만 살기 과연 가능할까요 24시간 하루살기 가족 일상 브이로그 vlog 토깽이네
192,하루종일 신체 일부분 사용 금지! 누가 가장 불편할까요? 신체 안쓰고 하루살기 가족 일상 챌린지ㅣ토깽이네,o_c4MORes9o,UCniBqAPwwWIQLbYo4uK2RWg,746657,1140000,0.6549622807017544,0,하루종일 신체 일부분 사용 금지 누가 가장 불편할까요 신체 안쓰고 하루살기 가족 일상 챌린지 토깽이네
193,24시간 흑백 하루살기 vs 컬러 하루살기 ! 살면서 어느팀이 더 유리할까? 꿀잼보장 가족 일상 챌린지ㅣ토깽이네,pkMM0HfyzJg,UCniBqAPwwWIQLbYo4uK2RWg,2135864,1140000,1.8735649122807017,1,24시간 흑백 하루살기 vs 컬러 하루살기 살면서 어느팀이 더 유리할까 꿀잼보장 가족 일상 챌린지 토깽이네
194,24시간 주차장 vs 자동차 하루살기 해보았습니다! 어느팀이 더 불편할까요? 가족 일상 챌린지ㅣ토깽이네,LAhOdYIe2-o,UCniBqAPwwWIQLbYo4uK2RWg,3118555,1140000,2.7355745614035087,1,24시간 주차장 vs 자동차 하루살기 해보았습니다 어느팀이 더 불편할까요 가족 일상 챌린지 토깽이네
195,2분 안에 고른 물건으로 차 안에서 하루살기! 극한 생존 게임 ㅋㅋㅋ 말벤져스 가족 일상 국민이 24시간 챌린지 | 말이야와친구들,INswIYHZaF4,UCIAH4FXl2DQ4HmLupsyFiug,3011394,3350000,0.8989235820895523,1,2분 안에 고른 물건으로 차 안에서 하루살기 극한 생존 게임 ㅋㅋㅋ 말벤져스 가족 일상 국민이 24시간 챌린지 말이야와친구들
196,&#39;집안에서 살기 vs 집밖에서 살기&#39; 숨막히는 생존 싸움이 시작됐다! 24시간 하루살기 챌린지 가족 일상 브이로그( vlog)ㅣ토깽이네,Of1FBUL6DX0,UCniBqAPwwWIQLbYo4uK2RWg,2651255,1140000,2.325662280701754,1,39 집안에서 살기 vs 집밖에서 살기 39 숨막히는 생존 싸움이 시작됐다 24시간 하루살기 챌린지 가족 일상 브이로그 vlog 토깽이네
197,정해진 걸음수대로만 하루를 살아야 한다! 오늘 하루도 무사히 지나갈수 있을가요? 가족 챌린지 하루살기ㅣ토깽이네,4HWa-mnKWlc,UCniBqAPwwWIQLbYo4uK2RWg,2997526,1140000,2.6294087719298247,1,정해진 걸음수대로만 하루를 살아야 한다 오늘 하루도 무사히 지나갈수 있을가요 가족 챌린지 하루살기 토깽이네
198,24시간 손묶고 vs 발묶고 하루살기! 과연 어떤 팀이 더 불편하고 힘들까요? 꿀잼 보장 가족 일상 챌린지ㅣ토깽이네,HCC6lVmIETU,UCniBqAPwwWIQLbYo4uK2RWg,626626,1140000,0.5496719298245614,0,24시간 손묶고 vs 발묶고 하루살기 과연 어떤 팀이 더 불편하고 힘들까요 꿀잼 보장 가족 일상 챌린지 토깽이네
199,대형 테마파크 안에서 찾은 물건으로만 하루살기 가능? ㅋㅋㅋ 과연 누가 잘 살까?? 흔한 가족 일상 챌린지 - 모모와친구들 키즈파크 | 말이야와친구들,DFLUUI65K98,UCIAH4FXl2DQ4HmLupsyFiug,238727,3350000,0.07126179104477612,0,대형 테마파크 안에서 찾은 물건으로만 하루살기 가능 ㅋㅋㅋ 과연 누가 잘 살까 흔한 가족 일상 챌린지 모모와친구들 키즈파크 말이야와친구들
200,뽑은 색깔은 절대 사용하거나 먹을수 없다! 색깔없이 하루살기 가족 챌린지ㅣ토깽이네,X6cKSGjKYkI,UCniBqAPwwWIQLbYo4uK2RWg,1953533,1140000,1.7136254385964913,1,뽑은 색깔은 절대 사용하거나 먹을수 없다 색깔없이 하루살기 가족 챌린지 토깽이네
201,각자 정해진 언어로만 의사소통하며 하루를 살아봤습니다! 가족 일상 챌린지 하루살기ㅣ토깽이네,Jf_7GIsYtgk,UCniBqAPwwWIQLbYo4uK2RWg,3145943,1140000,2.7595991228070176,1,각자 정해진 언어로만 의사소통하며 하루를 살아봤습니다 가족 일상 챌린지 하루살기 토깽이네
202,한가지 감정으로만 하루를 산다면?! 기쁨 슬픔 분노 공포 네가지중 어떤 감정이 가장 쉬울까요? 감정 24시간 하루살기 가족 일상 브이로그 vlogㅣ토깽이네,TphOaP__MOQ,UCniBqAPwwWIQLbYo4uK2RWg,924761,1140000,0.8111938596491228,1,한가지 감정으로만 하루를 산다면 기쁨 슬픔 분노 공포 네가지중 어떤 감정이 가장 쉬울까요 감정 24시간 하루살기 가족 일상 브이로그 vlog 토깽이네
203,박스에서 하루살기! 아니 이게 가능하다고??  좁은데 아이들은 오히려 좋아함ㅋㅋㅋㅋㅋ,3A-REWkd1KU,UCbbC0FaznmgJDuehIuQvYMA,480501,1420000,0.338380985915493,0,박스에서 하루살기 아니 이게 가능하다고 좁은데 아이들은 오히려 좋아함ㅋㅋㅋㅋㅋ
204,어려운 단계별로 하루를 살아본다면? 4단계 하루살기 가족 일상 브이로그 vlogㅣ토깽이네,MpRIkOPevj0,UCniBqAPwwWIQLbYo4uK2RWg,1326812,1140000,1.1638701754385965,1,어려운 단계별로 하루를 살아본다면 4단계 하루살기 가족 일상 브이로그 vlog 토깽이네
205,큰집에서 살기 위해 몸을 작게 만든다?! vs 작은집에 몸을 구겨 넣는다! 과연 어느팀이 더 불편할까요? 큰집 vs 작은집 하루살기 가족 일상 챌린지ㅣ토깽이네,g6Zom4nLJTo,UCniBqAPwwWIQLbYo4uK2RWg,471482,1140000,0.41358070175438594,0,큰집에서 살기 위해 몸을 작게 만든다 vs 작은집에 몸을 구겨 넣는다 과연 어느팀이 더 불편할까요 큰집 vs 작은집 하루살기 가족 일상 챌린지 토깽이네
206,뽑은 돈으로만 놀러가서 펜션 하루살기 ㅋㅋㅋ 과연 누가 더 잘 산거 같나요? 댓글 남겨주세요! 흔한 가족 일상 국민이 24시간 챌린지 | 말이야와친구들,EB5mZudJtKo,UCIAH4FXl2DQ4HmLupsyFiug,1122827,3350000,0.33517223880597014,0,뽑은 돈으로만 놀러가서 펜션 하루살기 ㅋㅋㅋ 과연 누가 더 잘 산거 같나요 댓글 남겨주세요 흔한 가족 일상 국민이 24시간 챌린지 말이야와친구들
207,사용하는 모든 물건의 글자수를 차감한다! 총글자수 하루살기 반전 대박 ㅋㅋ 가족 일상 챌린지ㅣ토깽이네,P8nFqyswQYU,UCniBqAPwwWIQLbYo4uK2RWg,1388697,1140000,1.2181552631578947,1,사용하는 모든 물건의 글자수를 차감한다 총글자수 하루살기 반전 대박 ㅋㅋ 가족 일상 챌린지 토깽이네
208,직업 정해서 하루를 살아봤습니다! 어떤 직업이 가장 재미있을까요? 직업 하루살기 24시간 가족 일상 챌린지(feat. 레고프렌즈 드림 아카데미)ㅣ토깽이네,sqymkV98_2U,UCniBqAPwwWIQLbYo4uK2RWg,985713,1140000,0.8646605263157895,1,직업 정해서 하루를 살아봤습니다 어떤 직업이 가장 재미있을까요 직업 하루살기 24시간 가족 일상 챌린지 feat 레고프렌즈 드림 아카데미 토깽이네
209,7명이 한 차에서 하루종일 살면 어떻게 될까? 공포의 차에서 하루살기 24시간 ㅋㅋㅋㅋ 말이야 토깽이네 가족 운명은? 경주 여행 아이랑 흔한 가족 일상 챌린지 | 말이야와친구들,8Zg0mhMhxh8,UCIAH4FXl2DQ4HmLupsyFiug,1425816,3350000,0.42561671641791043,0,7명이 한 차에서 하루종일 살면 어떻게 될까 공포의 차에서 하루살기 24시간 ㅋㅋㅋㅋ 말이야 토깽이네 가족 운명은 경주 여행 아이랑 흔한 가족 일상 챌린지 말이야와친구들
211,"초원 금쪽상담소 열었습니다! 의심 많은 도마, 돌아온 탕자라고 생각하는 MZ 크리스천, 당장 이 간증 영상을 클릭하세요!  [초원안에서 EP.2 티키틱 은택] | MZ 새롭게하소서",RtLFpGzuMFk,UCLJi5xP-S2XpBNV9kFZYHXg,5518,12600,0.43793650793650796,0,초원 금쪽상담소 열었습니다 의심 많은 도마 돌아온 탕자라고 생각하는 MZ 크리스천 당장 이 간증 영상을 클릭하세요 초원안에서 EP 2 티키틱 은택 MZ 새롭게하소서
212,우리가 직접 겪은 하나님의 계획 (주님AI부터 새롭게하소서 최근 간증까지) [초원 2023 연말정산 1편] *자막설정,KVEvG8yDq0M,UCLJi5xP-S2XpBNV9kFZYHXg,5490,12600,0.4357142857142857,0,우리가 직접 겪은 하나님의 계획 주님AI부터 새롭게하소서 최근 간증까지 초원 2023 연말정산 1편 자막설정
213,"펜타닐 마약, 타투, 무당, 학폭...  새롭게하소서 최근 간증에서 못다한 이야기, 썰풀러 왔습니다 [초원안에서 EP.1-1 래퍼 사츠키] | MZ 새롭게하소서",m85FMFXpOm8,UCLJi5xP-S2XpBNV9kFZYHXg,63115,12600,5.0091269841269845,1,펜타닐 마약 타투 무당 학폭 새롭게하소서 최근 간증에서 못다한 이야기 썰풀러 왔습니다 초원안에서 EP 1 1 래퍼 사츠키 MZ 새롭게하소서
214,새롭게하소서 최근 간증 비하인드! 초원(주님AI) 대표 김민준의 하루 | 기독교 스타트업 초원 CEO 브이로그,lTJ3J-9hsZ4,UCLJi5xP-S2XpBNV9kFZYHXg,7534,12600,0.597936507936508,0,새롭게하소서 최근 간증 비하인드 초원 주님AI 대표 김민준의 하루 기독교 스타트업 초원 CEO 브이로그
215,"2023년 한 해 초원이 쓴 15억 원, 그럼에도 우리가 사역을 멈추지 않는 이유 [초원 2023 연말정산 2편] *자막설정",2D3KMTNvFMo,UCLJi5xP-S2XpBNV9kFZYHXg,6314,12600,0.5011111111111111,0,2023년 한 해 초원이 쓴 15억 원 그럼에도 우리가 사역을 멈추지 않는 이유 초원 2023 연말정산 2편 자막설정
216,"MZ 크리스천 모이세요! ...크리스천 연애, 혼전순결, 스킨십, 배우자기도, 이태원 참사, 할로윈... [초원안에서 EP.1-2 래퍼 사츠키] | MZ 새롭게하소서",bWm5VjS61vk,UCLJi5xP-S2XpBNV9kFZYHXg,67373,12600,5.347063492063492,1,MZ 크리스천 모이세요 크리스천 연애 혼전순결 스킨십 배우자기도 이태원 참사 할로윈 초원안에서 EP 1 2 래퍼 사츠키 MZ 새롭게하소서
217,"부디 2024년엔 연애하고 결혼합시다!! 건강한 크리스천 연애, 크리스천 결혼 특강! (기독교 연애, 결혼, 배우자..) [초원 안에서 - 솬리아 부부] | MZ 새롭게하소서",hRrhrbBsxjc,UCLJi5xP-S2XpBNV9kFZYHXg,30429,12600,2.415,1,부디 2024년엔 연애하고 결혼합시다 건강한 크리스천 연애 크리스천 결혼 특강 기독교 연애 결혼 배우자 초원 안에서 솬리아 부부 MZ 새롭게하소서
218,[&#39;초원&#39;과 함께하는 데일리 큐티] 미디어교회 묵상 | 권준모 목사 | 2월 26일 | 삶은 계란 큐티 시즌2,nBTnJnq4OpA,UCaNoaz05HCffa_61Jf_9Qng,296,145000,0.0020413793103448274,0,39 초원 39 과 함께하는 데일리 큐티 미디어교회 묵상 권준모 목사 2월 26일 삶은 계란 큐티 시즌2
219,손해가 나는데도 이 일이 좋아요👩‍💻ㅣ초원(주님AI) 김민준 대표ㅣ새롭게하소서,TfYjZMcFJQY,UCqCqf21juyyL_8peGs2CWGg,217926,792000,0.2751590909090909,0,손해가 나는데도 이 일이 좋아요 초원 주님AI 김민준 대표 새롭게하소서
220,[KBS 명작다큐] 동아시아 생명대탐사 &quot;아무르 1부 - 초원의 오아시스&quot; (KBS 110406 방송),w3gOB7JsgS0,UC4LW3sOslC14Vn5bcoNUBkg,3166207,2020000,1.567429207920792,1,KBS 명작다큐 동아시아 생명대탐사 quot 1부 초원의 오아시스 quot KBS 110406 방송
221,300명의 청년 크리스천들이 다시 한번 초원의 밤에 모였습니다!! 제 2회 초원의 밤 with 사츠키 [초원사무실 ep 6. 2nd 초원의밤 스케치 영상],z3XXaHzDKYc,UCLJi5xP-S2XpBNV9kFZYHXg,2569,12600,0.2038888888888889,0,300명의 청년 크리스천들이 다시 한번 초원의 밤에 모였습니다 제 2회 초원의 밤 with 사츠키 초원사무실 ep 6 2nd 초원의밤 스케치 영상
222,무엇이든 다 답할 수 있다는 &#39;홀리컴뱃&#39;의 그 목사님을 모셔봤습니다! [초원 안에서 - 엠마오 연구소 차성진 목사 1편] | MZ 새롭게하소서,pgREAc_qOaM,UCLJi5xP-S2XpBNV9kFZYHXg,13214,12600,1.0487301587301587,1,무엇이든 다 답할 수 있다는 39 홀리컴뱃 39 의 그 목사님을 모셔봤습니다 초원 안에서 엠마오 연구소 차성진 목사 1편 MZ 새롭게하소서
223,히식스 - &#39;초원 + 초원의 빛 + 물새의 노래&#39; 【KBS 쇼 토요특급】,B4dHQ-TvRKM,UCmZ19AIj_wcpwRcqG7p9L8g,165216,700000,0.23602285714285715,0,히식스 39 초원 초원의 빛 물새의 노래 39 KBS 쇼 토요특급
224,[군가] Полюшко-поле/폴류쉬카 폴레(초원),Bn6-F3yKwiE,UCq1d9ls9I-SIXgnaHjQ2GNA,255444,20400,12.521764705882353,1,군가 폴류쉬카 폴레 초원
225,줄서서먹는 특이한 우설?😳 남영동2탄 핫플레이스 초원 먹방,SVtf7xT5J64,UCfpaSruWW3S4dibonKXENjA,1221219,9300000,0.13131387096774194,0,줄서서먹는 특이한 우설 남영동2탄 핫플레이스 초원 먹방
226,65만 자기계발 크리에이터이자 기독교 유튜버가 공개하는 자신감의 원천  [초원 안에서 - 드로우앤드류/류딘스 1편] | MZ 새롭게하소서,bLxncTr7BLo,UCLJi5xP-S2XpBNV9kFZYHXg,47382,12600,3.7604761904761905,1,65만 자기계발 크리에이터이자 기독교 유튜버가 공개하는 자신감의 원천 초원 안에서 드로우앤드류 류딘스 1편 MZ 새롭게하소서
227,가성비 좋은 한우(1++)등심주물럭과 특수부위 소고깃집 - 초원,qLOWTXc1ycw,UCmJEpV4hLzGWLU5rrdOHMhQ,245558,671000,0.3659582712369598,0,가성비 좋은 한우 1 등심주물럭과 특수부위 소고깃집 초원
228,"초원과 냇물, 여기가 남극 맞아?…바다에서도 &#39;이상 징후&#39; / SBS 8뉴스",Megq2rfjhCo,UCkinYTS9IHqOEwR1Sze2JTw,1655495,4080000,0.40575857843137253,0,초원과 냇물 여기가 남극 맞아 바다에서도 39 이상 징후 39 SBS 8뉴스
229,"구 주님AI, 초원이 네이버 기사 메인에 올랐습니다. (휴~ 목사님이랑 이 대화 안했으면 클날뻔;;;) [초원사무실 ep4.]",zBMJ-iWji5U,UCLJi5xP-S2XpBNV9kFZYHXg,6619,12600,0.5253174603174603,0,구 주님AI 초원이 네이버 기사 메인에 올랐습니다 휴 목사님이랑 이 대화 안했으면 클날뻔 초원사무실 ep4
230,"[다큐 몰아보기] 고산지대, 사막, 타이가림, 초원지대 등 척박한 환경과 생명의 풍요를 모두 품은 대지 몽골고원에 가다! (KBS 방송)",QRQR6RCS1C4,UC4LW3sOslC14Vn5bcoNUBkg,3256710,2020000,1.6122326732673267,1,다큐 몰아보기 고산지대 사막 타이가림 초원지대 등 척박한 환경과 생명의 풍요를 모두 품은 대지 몽골고원에 가다 KBS 방송
231,그동안 초원을 사랑해주셔서 진심으로 감사드립니다.,lDvO7g_gEkQ,UCLJi5xP-S2XpBNV9kFZYHXg,6027,12600,0.47833333333333333,0,그동안 초원을 사랑해주셔서 진심으로 감사드립니다
232,"국내 5대 찬양팀 위러브 팀원들을 만났습니다!!! [초원 안에서 - 위러브 WELOVE 송민선, 유건 1편] | MZ 새롭게하소서",MwYmWp2yAs0,UCLJi5xP-S2XpBNV9kFZYHXg,46563,12600,3.6954761904761906,1,국내 5대 찬양팀 위러브 팀원들을 만났습니다 초원 안에서 위러브 WELOVE 송민선 유건 1편 MZ 새롭게하소서
233,"[명작다큐] 돌궐 기마유목민족의 땅 실크로드에 남겨진 옛 영광의 흔적 | 신 실크로드 3부 “초원의 길, 바람의 민족”  (KBS 051029 방송)",H5goGrW6s3A,UC4LW3sOslC14Vn5bcoNUBkg,618574,2020000,0.30622475247524755,0,명작다큐 돌궐 기마유목민족의 땅 실크로드에 남겨진 옛 영광의 흔적 신 실크로드 3부 초원의 길 바람의 민족 KBS 051029 방송
234,"인터넷에서 산 중고트럭 5대가 집이 됐다. 그린벨트 초원 안에서 살기 위한 조건, 수의사 그만두고 가스도 수도도 안 되는 맨땅에서 자연인이 되기로 한 영국 부부🇬🇧ㅣ#숲이그린집",uRPA2ug2bCM,UCsLoTwOpElvEixfF1-O90rA,167824,979000,0.17142390194075588,0,인터넷에서 산 중고트럭 5대가 집이 됐다 그린벨트 초원 안에서 살기 위한 조건 수의사 그만두고 가스도 수도도 안 되는 맨땅에서 자연인이 되기로 한 영국 부부 숲이그린집
235,"[Full] 세계테마기행 - 바람과 초원의 땅, 몽골 1~4부",XIXA25OF8SY,UCFCtZJTuJhE18k8IXwmXTYQ,930895,3860000,0.24116450777202073,0,Full 세계테마기행 바람과 초원의 땅 몽골 1 4부
236,"위러브 팀원이 말해주는 &#39;나는 끌려갑니다&#39; CCM 작사 비하인드 [초원 안에서 - 위러브 WELOVE 송민선, 유건 2편] | MZ 새롭게하소서",nTI9ImEONI4,UCLJi5xP-S2XpBNV9kFZYHXg,8224,12600,0.6526984126984127,0,위러브 팀원이 말해주는 39 나는 끌려갑니다 39 CCM 작사 비하인드 초원 안에서 위러브 WELOVE 송민선 유건 2편 MZ 새롭게하소서
237,목사 사모에게 물어보았습니다! 배우자 기도 뭐라고 하셨어요?? [초원 안에서 - 래퍼 다비드 남성민 목사 2편] | MZ 새롭게하소서,u8U2oNekZy8,UCLJi5xP-S2XpBNV9kFZYHXg,4905,12600,0.3892857142857143,0,목사 사모에게 물어보았습니다 배우자 기도 뭐라고 하셨어요 초원 안에서 래퍼 다비드 남성민 목사 2편 MZ 새롭게하소서
238,[ENG] 현주엽 최애 우설!🤩🥩 처음 맛본 제작진 반응은?😮 맛만 보려다 역대급으로 주문해버린 가게!😋 ▷초원◁,0uNJjf9mSis,UCLwCHoQ9h7DPXvLwx5XwTQg,2012673,762000,2.641303149606299,1,ENG 현주엽 최애 우설 처음 맛본 제작진 반응은 맛만 보려다 역대급으로 주문해버린 가게 초원
239,HE 5 (히 파이브) - 초원,ToA0RPe-d28,UCGAgpQtBtiApxWUfBHYUHwQ,76855,1250,61.484,1,HE 5 히 파이브 초원
240,"누군가 숨어 살던 산꼭대기 버려진 마을에서 당나귀 두 마리와 함께 히말라야처럼 사는 남자┃산골짜기 오지에 누가 살고 있을까?┃길도 가게도 없다, 무척산 기도원┃한국기행┃#골라듄다큐",0oFwMfS2-xQ,UCFCtZJTuJhE18k8IXwmXTYQ,1160918,3860000,0.3007559585492228,0,누군가 숨어 살던 산꼭대기 버려진 마을에서 당나귀 두 마리와 함께 히말라야처럼 사는 남자 산골짜기 오지에 누가 살고 있을까 길도 가게도 없다 무척산 기도원 한국기행 골라듄다큐
241,[Special Clip] ATEEZ(에이티즈) 산 &#39;이하이 - 한숨&#39;,6wyM0yuK5dM,UC2e4Ukj5Pfr7cb3KpJAFBdQ,1588925,3750000,0.42371333333333333,0,Special Clip ATEEZ 에이티즈 산 39 이하이 한숨 39
242,[Special Clip] ATEEZ(에이티즈) 산 &#39;Imagine Dragons - Warriors&#39; Performance Video,TnC4DNHHMbc,UC2e4Ukj5Pfr7cb3KpJAFBdQ,4353153,3750000,1.1608408,1,Special Clip ATEEZ 에이티즈 산 39 Imagine Dragons Warriors 39 Performance Video
243,우리나라 가장 아름다운 산 10 | 등산 유튜버 최애산 모음,NPzmN8NP5us,UCjygT0zzx9LVABLqfiDnCYQ,325691,94200,3.4574416135881103,1,우리나라 가장 아름다운 산 10 등산 유튜버 최애산 모음
244,에베레스트보다 많이 죽는다고...? 알고보면 진짜 위험하다는 한국의 죽음의 산 TOP 3,CkkWeid65Mg,UC2Vcz3eu1hO2zoyTpGvSWkw,711223,881000,0.8072905788876277,0,에베레스트보다 많이 죽는다고 알고보면 진짜 위험하다는 한국의 죽음의 산 TOP 3
245,편도 775m의 &#39;인생산&#39;을 찾았다!! 짧은 산행으로 만나는 최고의 뷰!! 정상에서 햄버거 먹고 옥천의 맛집 풍미당 물쫄면 먹방까지!!,X3bf6pRYW3g,UC5mw63Yj12G7dD-fb-QOSEw,109016,107000,1.018841121495327,1,편도 775m의 39 인생산 39 을 찾았다 짧은 산행으로 만나는 최고의 뷰 정상에서 햄버거 먹고 옥천의 맛집 풍미당 물쫄면 먹방까지
246,[쇼챔직캠 4K] ATEEZ SAN (에이티즈 산) - BOUNCY (K-HOT CHILLI PEPPERS) | Show Champion | EP.480,MZ-wYe5EC24,UCPde4guD9yFBRzkxk2PatoA,252296,6890000,0.036617706821480404,0,쇼챔직캠 4K ATEEZ SAN 에이티즈 산 BOUNCY K HOT CHILLI PEPPERS Show Champion EP 480
247,여러분! 산에서 이거 보면 바로 도망가세요.,U3JK-iYWJhg,UC8cS0b_5Hk5hfPEyv-XFD2g,326854,5730,57.04258289703316,1,여러분 산에서 이거 보면 바로 도망가세요
248,산석등산/Mountain/광주시-#적산 #범우산 #윤골봉 #서랑말림산 #두리봉,gTvGu0q7oi8,UCnNfbeQ-DohqKum6JRHmhOw,4,124,0.03225806451612903,0,산석등산 Mountain 광주시 적산 범우산 윤골봉 서랑말림산 두리봉
249,한국의 좋은 산 4곳 | 지금 가면 좋은 산행지 / 대한민국 좋은 여행지 | Mountain Trekking in Korea,hQReVp1fw9s,UCNbIuApep1oY2qybB0t1IJQ,439406,372000,1.1811989247311827,1,한국의 좋은 산 4곳 지금 가면 좋은 산행지 대한민국 좋은 여행지 Mountain Trekking in Korea
250,"전 세계 등산가들이 평생 꼭 한 번은 도전하고 싶은 꿈, 네팔 안나푸르나 &#39;토롱라&#39;를 향한 배우 이시영과 15명의 트래커의 도전기 [영상앨범 산] KBS 방송",IDj0c0gyubk,UCHlSeJxRIXZWMARC2oMwmcQ,134729,1360000,0.09906544117647059,0,전 세계 등산가들이 평생 꼭 한 번은 도전하고 싶은 꿈 네팔 안나푸르나 39 토롱라 39 를 향한 배우 이시영과 15명의 트래커의 도전기 영상앨범 산 KBS 방송
251,[얼빡직캠 4K] 에이티즈 산 &#39;BOUNCY (K-HOT CHILLI PEPPERS)&#39; (ATEEZ SAN Facecam) @뮤직뱅크(Music Bank) 230616,2ggelstEX1I,UCeLPm9yH_a_QH8n6445G-Ow,138965,8580000,0.016196386946386948,0,얼빡직캠 4K 에이티즈 산 39 BOUNCY K HOT CHILLI PEPPERS 39 ATEEZ SAN Facecam 뮤직뱅크 Music Bank 230616
252,"산 중의 산, 지리산!  와운골 ⛰산사람들의 사계 &#39;지리산 와운골, 아버지의 산’ (KBS 20130210 방송)",7COwHRb0g4o,UC4LW3sOslC14Vn5bcoNUBkg,3720861,2020000,1.842010396039604,1,산 중의 산 지리산 와운골 산사람들의 사계 39 지리산 와운골 아버지의 산 KBS 20130210 방송
253,산에 나무가 없으면 | 애창동요 | 인기동요 | 산에 나무가 없으면 | 자연동요 | 깨비키즈 KEBIKIDS,NtYmsoBHQLo,UCD_-N4vf-tsqbUxrQ4CrJIA,607447,2440000,0.24895368852459016,0,산에 나무가 없으면 애창동요 인기동요 산에 나무가 없으면 자연동요 깨비키즈 KEBIKIDS
254,"해발 2,200미터 산꼭대기에 작은 돌집 하나 짓고 강아지 한 마리랑 천만 불짜리 인생 사는 미국판 자연인┃도시의 커다란 집도 그저 의미 없는 소비일 뿐┃숲이 그린 집┃#골라듄다큐",uhvpcZ8WawI,UCFCtZJTuJhE18k8IXwmXTYQ,1316784,3860000,0.3411357512953368,0,해발 2 200미터 산꼭대기에 작은 돌집 하나 짓고 강아지 한 마리랑 천만 불짜리 인생 사는 미국판 자연인 도시의 커다란 집도 그저 의미 없는 소비일 뿐 숲이 그린 집 골라듄다큐
255,대한민국에서 가장 높은 도로와 꽁으로 오를 수 있는 산 Best 10,tDW9xB_XSoM,UCjygT0zzx9LVABLqfiDnCYQ,1845921,94200,19.59576433121019,1,대한민국에서 가장 높은 도로와 꽁으로 오를 수 있는 산 Best 10
256,[페이스캠4K] 에이티즈 산 &#39;멋 (흥 : 興 Ver.)&#39; (ATEEZ SAN &#39;The Real&#39; FaceCam)│@SBS Inkigayo_2021.12.12.,DAi7IGUiG8I,UCS_hnpJLQTvBkqALgapi_4g,227648,7890000,0.02885272496831432,0,페이스캠4K 에이티즈 산 39 멋 흥 Ver 39 ATEEZ SAN 39 The Real 39 FaceCam SBS Inkigayo 2021 12 12
257,떠올리기만 해도 마음에 바람이 스치는 산 &#39;청량산&#39; [영상앨범 산] KBS 230820 방송,JEbjbJl1v6s,UCHlSeJxRIXZWMARC2oMwmcQ,17765,1360000,0.0130625,0,떠올리기만 해도 마음에 바람이 스치는 산 39 청량산 39 영상앨범 산 KBS 230820 방송
258,"겨울 산행의 진수, ‘덕이 많고 너그러운 산’ 덕유산 종주 [영상앨범 산] KBS 160228 방송",IxbAu9IAiTs,UCHlSeJxRIXZWMARC2oMwmcQ,26043,1360000,0.019149264705882352,0,겨울 산행의 진수 덕이 많고 너그러운 산 덕유산 종주 영상앨범 산 KBS 160228 방송
259,티즈고 춤짱들의 #멋있는챌린지 (산&amp;우영) #Shorts,k-wCW5M52z4,UC2e4Ukj5Pfr7cb3KpJAFBdQ,692832,3750000,0.1847552,0,티즈고 춤짱들의 멋있는챌린지 산 amp 우영 Shorts
260,한여름 무더위에도 선풍기 조차 필요 없는 해발 700m 산꼭대기 위에 지은 쌍둥이 귀틀집ㅣ여기는 하늘 맛집 1번지ㅣ한국기행ㅣ#골라듄다큐,2HLY21NOwqI,UCFCtZJTuJhE18k8IXwmXTYQ,328214,3860000,0.08502953367875647,0,한여름 무더위에도 선풍기 조차 필요 없는 해발 700m 산꼭대기 위에 지은 쌍둥이 귀틀집 여기는 하늘 맛집 1번지 한국기행 골라듄다큐
261,[에이티즈 산] 산이 눈 작다고 한 사람 나와봐유,1wEO2RMX2Ns,UCFZSSLtpvrXHqFBGrONmNCw,72312,3090,23.401941747572817,1,에이티즈 산 산이 눈 작다고 한 사람 나와봐유
262,산밍키 우린 지금 #100도 챌린지🔥 #Shorts,f2_6fDIORGk,UC2e4Ukj5Pfr7cb3KpJAFBdQ,89170,3750000,0.023778666666666667,0,산밍키 우린 지금 100도 챌린지 Shorts
263,멋대로 걸어 내 뜻대로🌟🐻⛰ #카이 #KAI #성화 #SEONGHWA #산 #SAN #Rover #KAI_Rover #RoverChallenge,ZPREJsVKZyk,UCzCedBCSSltI1TFd3bKyN6g,2997826,9630000,0.3113007268951194,0,멋대로 걸어 내 뜻대로 카이 KAI 성화 SEONGHWA 산 SAN Rover KAI Rover RoverChallenge
264,"[영상앨범 산]★올 것이 왔다★국내에서 가장 아름다운 산 1위, 설악산의 최고 경관 ‘공룡능선’ |“하늘 길, 바위능선에 새긴 우정 - 설악산 공룡능선”(KBS 170519 방송)",VyNbgxZNoaA,UC4LW3sOslC14Vn5bcoNUBkg,407304,2020000,0.20163564356435643,0,영상앨범 산 올 것이 왔다 국내에서 가장 아름다운 산 1위 설악산의 최고 경관 공룡능선 하늘 길 바위능선에 새긴 우정 설악산 공룡능선 KBS 170519 방송
265,이런 아이돌 첨 봄... [ #에이티즈 / #산],9w32_azq0hM,UClwie2cfs5MkSesDBuxl1Rg,225855,1070,211.07943925233644,1,이런 아이돌 첨 봄 에이티즈 산
266,[#최애직캠] ATEEZ SAN - BOUNCY(에이티즈 산 - 바운시) Close-up Cam | Show! MusicCore | MBC230617방송,INfSIO9yFkA,UCe52oeb7Xv_KaJsEzcKXJJg,96718,10800000,0.00895537037037037,0,최애직캠 ATEEZ SAN BOUNCY 에이티즈 산 바운시 Close up Cam Show MusicCore MBC230617방송
267,"‘가난한 대지주’ 빚 내서 땅 산, 빈털터리 청년|이제 막 서른이 된 젊은이가 완주군 산골짜기에 3평짜리 작은 오두막을 짓고 평생 살기로 한 이유|한국기행|#골라듄다큐",cXrVyebaOYQ,UCFCtZJTuJhE18k8IXwmXTYQ,987872,3860000,0.25592538860103625,0,가난한 대지주 빚 내서 땅 산 빈털터리 청년 이제 막 서른이 된 젊은이가 완주군 산골짜기에 3평짜리 작은 오두막을 짓고 평생 살기로 한 이유 한국기행 골라듄다큐
268,"돈버는 족족 산을 사서, 보유한 ‘산’만 30만 평|일년내내 산에서 나무로 모든걸 해결하는 남자| 한국기행 | #골라듄다큐",TwNH3R8jlOQ,UCFCtZJTuJhE18k8IXwmXTYQ,1923505,3860000,0.49831735751295336,0,돈버는 족족 산을 사서 보유한 산 만 30만 평 일년내내 산에서 나무로 모든걸 해결하는 남자 한국기행 골라듄다큐
269,중국에서 가장 아름다운 최고의 산 &#39;황산&#39; 1박 2일 트래킹,PntbcCOD83g,UCsLoTwOpElvEixfF1-O90rA,1855821,979000,1.895629213483146,1,중국에서 가장 아름다운 최고의 산 39 황산 39 1박 2일 트래킹
270,목숨을 건 남극 탐험이 시작되다! 어니스트 섀클턴,3sZkOjLmsqY,UC7_VkIW7nhIurDTfy-lWPDg,383516,768000,0.4993697916666667,0,목숨을 건 남극 탐험이 시작되다 어니스트 섀클턴
271,"세계문화유산 탐험 17편_탐험가들도 두려워하던 세계 최대 &#39;악마의 협곡&#39;, BBC 선정 죽기 전 꼭 봐야 할 여행지 1위, 미국 그랜드 캐니언",GYLDQkypW7Q,UCFw4M1BJYYdN1YtS8SzlDzg,1646439,784000,2.100049744897959,1,세계문화유산 탐험 17편 탐험가들도 두려워하던 세계 최대 39 악마의 협곡 39 BBC 선정 죽기 전 꼭 봐야 할 여행지 1위 미국 그랜드 캐니언
273,"세계문화유산 탐험 10편 _공중에 떠 있는 메테오라 수도원, 인류 문명의 요람, 그리스 아테네",u0o1NQvSeB8,UCFw4M1BJYYdN1YtS8SzlDzg,2093168,784000,2.669857142857143,1,세계문화유산 탐험 10편 공중에 떠 있는 메테오라 수도원 인류 문명의 요람 그리스 아테네
274,바다 탐험대 옥토넛 The Octonauts - 탐험선송 Gup Song Official M/V,6LhNZNkR2Ug,UCd-OrgPLrnQiQBcq19j5oEQ,1945706,1630000,1.193684662576687,1,바다 탐험대 옥토넛 The Octonauts 탐험선송 Gup Song Official M V
275,답답하고 끔직한 호러 동굴. 인간이 겪을 수 있는 가장 잔인한 사고에 도전하는 사람들. 폐소공포증으로 사망한다는 위험한 동굴 탐험의 비극.,kZGdBxsHAoI,UCk_Ymtay-8Epn0mB_37Htdg,92281,168000,0.5492916666666666,0,답답하고 끔직한 호러 동굴 인간이 겪을 수 있는 가장 잔인한 사고에 도전하는 사람들 폐소공포증으로 사망한다는 위험한 동굴 탐험의 비극
276,세계 가장깊은동굴에서 9개월동안 웅크리고있던남자 / 동굴탐험사고,9ktWgfPXVpQ,UCKCmqa4Dy-W8YT8vT5n_lrg,147607,142000,1.0394859154929577,1,세계 가장깊은동굴에서 9개월동안 웅크리고있던남자 동굴탐험사고
277,【심랑괴】작은 구멍을 발견해 들어간 남자에게 &#39;기묘한 일&#39;들이 일어난다. - 웹에 게시된 믿기힘든 사진과 글  [무서운이야기][괴담],LK3YKcDRWh0,UCKlwaOCK1FqXMTKv0RlCmfg,2474165,470000,5.26418085106383,1,심랑괴 작은 구멍을 발견해 들어간 남자에게 39 기묘한 일 39 들이 일어난다 웹에 게시된 믿기힘든 사진과 글 무서운이야기 괴담
278,"[홍도 탑섬 탐험] 거친 파도와 바람이 빚어낸 환상의 섬, 홍도 부속섬 중 가장 아름다운 탑섬 투어",3z_73yf9rgI,UCkkecY8K79MEmclz6pMUpNg,550,40,13.75,1,홍도 탑섬 탐험 거친 파도와 바람이 빚어낸 환상의 섬 홍도 부속섬 중 가장 아름다운 탑섬 투어
279,바다 탐험대 옥토넛 - 마리아나 해구 탐험 (시즌3 에피소드22 - 전체에피소드),m77_br881Yk,UCKEGG4zVP3CGS_YSQOf654w,6638453,370000,17.941764864864865,1,바다 탐험대 옥토넛 마리아나 해구 탐험 시즌3 에피소드22 전체에피소드
280,51구역 근처에서 이상한 동굴을 찾아낸 후 실종된 유명 유튜버 [사건사고],9yoSb8WkXdU,UC_SgaM1zbb1Mibnsp6J0fJA,740592,639000,1.1589859154929578,1,51구역 근처에서 이상한 동굴을 찾아낸 후 실종된 유명 유튜버 사건사고
281,POE 3.17) 엑린이도 따라하는 탐험의 첫걸음. 아주 쉽게 알려드려요.,U9MeHvccWL4,UC1Y2aXbYd1Zlx4pvVeX1FeA,12094,6960,1.7376436781609195,1,POE 3 17 엑린이도 따라하는 탐험의 첫걸음 아주 쉽게 알려드려요
282,탐험 유튜버가 버려진 폐탄광에서 실제로 겪은 소름 끼치는 일 [미스터리],YAjE7C2nh0A,UC_SgaM1zbb1Mibnsp6J0fJA,205900,639000,0.32222222222222224,0,탐험 유튜버가 버려진 폐탄광에서 실제로 겪은 소름 끼치는 일 미스터리
283,"5시즌째 비누의 원픽 파밍! 파밍이 막막하다면, 탐험 일지를 도세요! [poe 3.19 칼란드라 호수]",JW_GWser840,UCMMNW1SNXPyYKfK123N0snQ,44779,59900,0.7475626043405676,0,5시즌째 비누의 원픽 파밍 파밍이 막막하다면 탐험 일지를 도세요 poe 3 19 칼란드라 호수
284,"[폐건물탐험] 100년이 다되어가는 폐가, 지하련주택",r9Bnzgm_Uc8,UC_zQ58aB7_B5JIYBoxqgWjQ,8705,20600,0.4225728155339806,0,폐건물탐험 100년이 다되어가는 폐가 지하련주택
285,35만명의 탐험가가 찾아나섰던 200만 달러의 보물상자 [사건사고],nWTjCVSGGzc,UC_SgaM1zbb1Mibnsp6J0fJA,271060,639000,0.4241940532081377,0,35만명의 탐험가가 찾아나섰던 200만 달러의 보물상자 사건사고
286,KBS 퀴즈탐험 신비의 세계 오프닝,kVEeCfDhK-I,UCHA0dA3ttVWaObq6BLSB8rQ,522084,1730,301.78265895953757,1,KBS 퀴즈탐험 신비의 세계 오프닝
287,구석구석 소화 탐험 | 인체 동요 | 바디송 | 인체과학 동요 | 핑크퐁! 인기동요,FhIGojbjF3E,UCqXwKu6dKobXEQFhdKtiJLQ,1623502,11300000,0.14367274336283187,0,구석구석 소화 탐험 인체 동요 바디송 인체과학 동요 핑크퐁 인기동요
288,바다 탐험대 옥토넛 - 해양 구조대 - 모음집,alHOk9Nj_5o,UCKEGG4zVP3CGS_YSQOf654w,2983096,370000,8.062421621621622,1,바다 탐험대 옥토넛 해양 구조대 모음집
289,지구탐험 이어보기 | 뽀로로 지구탐험 동화 | 뽀롱뽀롱뽀로로 | 키글TV,egTHBM3YbZQ,UCbmPYMvpO9yQBWrnHtNXI6A,2067752,1620000,1.27639012345679,1,지구탐험 이어보기 뽀로로 지구탐험 동화 뽀롱뽀롱뽀로로 키글TV
290,피라미드 내부 탐험 | Egypt With The World&#39;s Greatest Explorer,keYlxopGB1o,UCPECLB_-7T4WukChKqhjv8g,1479930,1830000,0.8087049180327869,0,피라미드 내부 탐험 Egypt With The World 39 s Greatest Explorer
291,우주 탐험대 | 핑크퐁 탐험대와 떠나요 | 탐험 동요 | 핑크퐁! 인기동요,QA0DIY4YSEE,UCqXwKu6dKobXEQFhdKtiJLQ,610067,11300000,0.05398823008849558,0,우주 탐험대 핑크퐁 탐험대와 떠나요 탐험 동요 핑크퐁 인기동요
292,모양 탐험 | 모양을 배워요 | 모양송 | 핑크퐁! 인기동요,G5X0J64o-rc,UCqXwKu6dKobXEQFhdKtiJLQ,303162,11300000,0.02682849557522124,0,모양 탐험 모양을 배워요 모양송 핑크퐁 인기동요
293,[폐건물탐험] 시간이 멈춘지 30년이 지난 폐여인숙 탐험,BAO3XQX4lss,UC_zQ58aB7_B5JIYBoxqgWjQ,407945,20600,19.803155339805826,1,폐건물탐험 시간이 멈춘지 30년이 지난 폐여인숙 탐험
294,(ENG SUB)인류 원형 탐험 - 동굴 속의 작은 천국 필리핀 타우바투족ㅣThe Tau&#39;t Batu,rKPB0PXjZ_U,UCFCtZJTuJhE18k8IXwmXTYQ,1712445,3860000,0.44363860103626945,0,ENG SUB 인류 원형 탐험 동굴 속의 작은 천국 필리핀 타우바투족 The Tau 39 t Batu
295,꼬모 탐험대 | 공룡 탐험 연속 보기 | 과학적 탐구,rRtPfSccKJk,UCVvke1BdYuZc7DYIAyDSQHQ,6508828,2710000,2.401781549815498,1,꼬모 탐험대 공룡 탐험 연속 보기 과학적 탐구
296,바다 탐험대 옥토넛 Above&amp;Beyond 첫방송 기념! 새 탐험보고송에 맞춰 댄스 댄스!,trmA_HAwie4,UCKEGG4zVP3CGS_YSQOf654w,537992,370000,1.4540324324324325,1,바다 탐험대 옥토넛 Above amp Beyond 첫방송 기념 새 탐험보고송에 맞춰 댄스 댄스
297,배드민턴 치기 좋은(?) 패션｜JP CN｜ 탐험일지 8화,6T3-6ntj3b4,UChXC6ok0LaZIpf-50SIFf0Q,37031,522000,0.07094061302681992,0,배드민턴 치기 좋은 패션 JP CN 탐험일지 8화
298,지구상에서 가장 깊은 동물에서 살아돌아온 탐험가가 말하는 소름끼치는 진실,jBLDZsO3A1g,UCsU3fr78Lyzjp2RGLoQIdbw,713137,891000,0.80037822671156,0,지구상에서 가장 깊은 동물에서 살아돌아온 탐험가가 말하는 소름끼치는 진실
299,화산 탐험 | 우르르 쾅쾅 화산이 폭발해요! 🌋 | 화산에서 살아남기 | 탐험동요 | 주니토니 by 키즈캐슬,ROakhITtUa4,UCuI7J9khfdYqzDN8nDriDxg,731588,1260000,0.5806253968253968,0,화산 탐험 우르르 쾅쾅 화산이 폭발해요 화산에서 살아남기 탐험동요 주니토니 by 키즈캐슬
300,[🔴LIVE] 백종원의 미식 방랑기! 《스트리트 푸드 파이터》 스트리밍,IB7zflbICFM,UCsRIHt5FkbGc6cQtCxt-ufA,3644387,4680000,0.778715170940171,0,LIVE 백종원의 미식 방랑기 스트리트 푸드 파이터 스트리밍
301,[#티전드] (1시간) 몰아치는 세계 각국 길거리 음식🍢 해외 가기 전에 백종원 먹방 보면서 예습해놔유 | #스트리트푸드파이터,E326Akp4VaM,UCsRIHt5FkbGc6cQtCxt-ufA,3974631,4680000,0.8492801282051282,1,티전드 1시간 몰아치는 세계 각국 길거리 음식 해외 가기 전에 백종원 먹방 보면서 예습해놔유 스트리트푸드파이터
302,[#스트리트푸드파이터] (3시간) 뉴욕 찍고 멕시코 찍고 시칠리아까지✈️ 맛있는 음식이 있다면 어디든 떠나는 백종원과 함께 걸어서 맛집 속으로🍖🌮  | #골라보는,sx0Z-NU74a4,UCsRIHt5FkbGc6cQtCxt-ufA,2048211,4680000,0.4376519230769231,0,스트리트푸드파이터 3시간 뉴욕 찍고 멕시코 찍고 시칠리아까지 맛있는 음식이 있다면 어디든 떠나는 백종원과 함께 걸어서 맛집 속으로 골라보는
303,[#스푸파2] (3시간) 맛잘알의 나라 대만부터 홍콩까지🛬 기가 막힌다는 맛의 야시장 음식부터 현지 분위기까지 첨가된 먹방 3시간 모음 | #편집자는,jB9WhZ6tSBo,UCWYzc_p0GgfCepIWDHGFmEg,2570338,3380000,0.7604550295857988,0,스푸파2 3시간 맛잘알의 나라 대만부터 홍콩까지 기가 막힌다는 맛의 야시장 음식부터 현지 분위기까지 첨가된 먹방 3시간 모음 편집자는
304,"[#스트리트푸드파이터2] 아침엔 럼버잭, 점심엔 햄버거, 저녁엔 스테이크, 야식으로는 버펄로 윙🤤 백종원이 짜주는 가장 완벽한 뉴욕 먹투어🍽️ | #골라보는",0nheM1eXgJQ,UCsRIHt5FkbGc6cQtCxt-ufA,1737194,4680000,0.37119529914529914,0,스트리트푸드파이터2 아침엔 럼버잭 점심엔 햄버거 저녁엔 스테이크 야식으로는 버펄로 윙 백종원이 짜주는 가장 완벽한 뉴욕 먹투어 골라보는
305,(1시간) 백종원이 추천하는 베트남 현지 음식🤤 이 영상 하나로 베트남 준비 끝! | #스트리트푸드파이터2 #디제이픽,XQY5ZUxGuqY,UCWYzc_p0GgfCepIWDHGFmEg,1385687,3380000,0.4099665680473373,0,1시간 백종원이 추천하는 베트남 현지 음식 이 영상 하나로 베트남 준비 끝 스트리트푸드파이터2 디제이픽
306,"[#스트리트푸드파이터] (2시간) 침샘 어택🤤 백종원 피셜 다이어트 파괴범 길거리 음식🍖 한눈팔면 먹을게 보이는, 한눈을 팔아야 하는 곳🤩 #먹방 | #나중에또볼동영상",AFD3uRzPVXA,UCWYzc_p0GgfCepIWDHGFmEg,1168850,3380000,0.3458136094674556,0,스트리트푸드파이터 2시간 침샘 어택 백종원 피셜 다이어트 파괴범 길거리 음식 한눈팔면 먹을게 보이는 한눈을 팔아야 하는 곳 먹방 나중에또볼동영상
307,[#스트리트푸드파이터] 백종원이랑 태국 길거리 음식 50분 동안 먹을 사람?,X22E21ELtgk,UCRMA_Nb5VF-YoWApSVeXPVA,895210,2630000,0.34038403041825094,0,스트리트푸드파이터 백종원이랑 태국 길거리 음식 50분 동안 먹을 사람
308,슈퍼 스트리트 파이터 2 터보 ➤ kepasaco (Spain) vs serpico22 (Belgium) Super Street Fighter 2 Turbo,F3eXVS1cUQY,UCUSATM_OaRIamPnH6Rnyg2A,471,37100,0.012695417789757413,0,슈퍼 스트리트 파이터 2 터보 kepasaco Spain vs serpico22 Belgium Super Street Fighter 2 Turbo
309,[EN/JP] [스우파2] 화사 신곡 시안 미션 대중 평가 l 원밀리언(1MILLION),q-tDpOHCMCo,UCsjD7wxKCD8C62_idZQdGJg,6121977,893000,6.855517357222844,1,EN JP 스우파2 화사 신곡 시안 미션 대중 평가 l 원밀리언 1MILLION
310,낭만적인 홍콩 야시장의 맛🌙 이국적이면서도 친숙한 간식들에 행복한 백종원🤗 | #스트리트푸드파이터 #샾잉,9cvWsMmiJDA,UCwNVDlUgdBlmVWRPy4Nk0Dw,376372,1220000,0.3085016393442623,0,낭만적인 홍콩 야시장의 맛 이국적이면서도 친숙한 간식들에 행복한 백종원 스트리트푸드파이터 샾잉
311,[#스트리트푸드파이터] 백종원과 태국으로 60분 식도락 여행 갈래? ※공복 시청 주의,HUlrTMxOXRU,UCRMA_Nb5VF-YoWApSVeXPVA,1561739,2630000,0.5938171102661597,0,스트리트푸드파이터 백종원과 태국으로 60분 식도락 여행 갈래 공복 시청 주의
312,[#스트리트푸드파이터] 홍콩 하면 생각나는 음식은?🤔 홍콩 MZ 세대들은 이걸 먹는다! 백종원도 반한 색다른 홍콩 음식🥣🍅 | #편집자는,hOT65ZAUzfQ,UCWYzc_p0GgfCepIWDHGFmEg,518466,3380000,0.1533923076923077,0,스트리트푸드파이터 홍콩 하면 생각나는 음식은 홍콩 MZ 세대들은 이걸 먹는다 백종원도 반한 색다른 홍콩 음식 편집자는
313,[#스트리트푸드파이터] (80분) 📢해외여행 갈 때 필수 시청! 백종원이 소개해주는 현지인만 아는 맛집🍜 곱빼기 없어서 야속한 찐맛집까지😋 #먹방 | #나중에또볼동영상,4URSzaLWkGA,UCWYzc_p0GgfCepIWDHGFmEg,1034069,3380000,0.30593757396449706,0,스트리트푸드파이터 80분 해외여행 갈 때 필수 시청 백종원이 소개해주는 현지인만 아는 맛집 곱빼기 없어서 야속한 찐맛집까지 먹방 나중에또볼동영상
314,"[#스트리트푸드파이터2] (150분) 말레이시아, 중국 방구석 여행하기⭐ 색다른 분위기에서 먹는 알록달록한 색깔, 다양한 맛의 음식 A to Z! | #편집자는",_g4_W7w3P2s,UCWYzc_p0GgfCepIWDHGFmEg,1731772,3380000,0.5123585798816568,0,스트리트푸드파이터2 150분 말레이시아 중국 방구석 여행하기 색다른 분위기에서 먹는 알록달록한 색깔 다양한 맛의 음식 A to Z 편집자는
315,[#스트리트푸드파이터2] (3시간) 여행 가기 전 빽&#39;s PICK 맛집 예습은 선택 아닌 필수! 영상만 봐도 내 혀에 아시아가 가~득🥢 | #골라보는,1HCvD8ZEsyI,UCsRIHt5FkbGc6cQtCxt-ufA,1788174,4680000,0.38208846153846154,0,스트리트푸드파이터2 3시간 여행 가기 전 빽 39 s PICK 맛집 예습은 선택 아닌 필수 영상만 봐도 내 혀에 아시아가 가 득 골라보는
316,[#스트리트푸드파이터] (3시간) 점심시간주의! 먹방 여행 뽐뿌 오는 백종원의 고칼로리 침샘 자극 음식의 흡입 &#39;아잇! 더 시킬걸...&#39; | #편집자는,yoIvWp83tCY,UCWYzc_p0GgfCepIWDHGFmEg,1074244,3380000,0.31782366863905326,0,스트리트푸드파이터 3시간 점심시간주의 먹방 여행 뽐뿌 오는 백종원의 고칼로리 침샘 자극 음식의 흡입 39 아잇 더 시킬걸 39 편집자는
317,"[스우파2/풀버전] 리더 계급 댄스 비디오 l Smoke (Prod. Dynamicduo, Padi) - 다이나믹 듀오, 이영지 #스트릿우먼파이터2",iuIzniSa1Hs,UCsjD7wxKCD8C62_idZQdGJg,12812439,893000,14.347636058230684,1,스우파2 풀버전 리더 계급 댄스 비디오 l Smoke Prod Dynamicduo Padi 다이나믹 듀오 이영지 스트릿우먼파이터2
318,[티비냥] 간판 없는 집이 맛집인거 다들 아시져?? 하얼빈 내장볶음 | 스트리트푸드파이터 180611 #2,eCAujpinE_4,UCRMA_Nb5VF-YoWApSVeXPVA,4628972,2630000,1.7600653992395436,1,티비냥 간판 없는 집이 맛집인거 다들 아시져 하얼빈 내장볶음 스트리트푸드파이터 180611 2
319,[#스트리트푸드파이터2] (1시간) 한 그릇에 세계를 담았다!? 면과 함께 후루룩 들이켜는 아시아 한 사발😋 스푸파 아시아의 면🍜 요리 모음.zip | #골라보는,A9BkfNngZrI,UCsRIHt5FkbGc6cQtCxt-ufA,318262,4680000,0.06800470085470085,0,스트리트푸드파이터2 1시간 한 그릇에 세계를 담았다 면과 함께 후루룩 들이켜는 아시아 한 사발 스푸파 아시아의 면 요리 모음 zip 골라보는
320,[#스트리트푸드파이터2] (1시간) 지구 반대편에서 즐기는 한국적인 맛에 자동 진실의 미간ㅋㅋㅋ🤤 이탈리아 찍고 멕시코까지 이어지는 침샘 로드😋 | #골라보는,kZNmo7k4BCg,UCsRIHt5FkbGc6cQtCxt-ufA,210942,4680000,0.045073076923076924,0,스트리트푸드파이터2 1시간 지구 반대편에서 즐기는 한국적인 맛에 자동 진실의 미간ㅋㅋㅋ 이탈리아 찍고 멕시코까지 이어지는 침샘 로드 골라보는
321,[#스트리트푸드파이터] (40분) 하와이 가면 꼭 먹어야 한다는 &#39;이것&#39;!! 백종원이 추천하는 군침 폭발 하와이 음식 먹방 보고가셔유~🏝 | #편집자는,YLLGIhokgP0,UCWYzc_p0GgfCepIWDHGFmEg,145054,3380000,0.04291538461538461,0,스트리트푸드파이터 40분 하와이 가면 꼭 먹어야 한다는 39 이것 39 백종원이 추천하는 군침 폭발 하와이 음식 먹방 보고가셔유 편집자는
322,[ #스트리트푸드파이터] (1시간) 내내 휘몰아치는 백종원 먹방! ㄹㅇ 스트리트 푸드 뽀개는 중ㅋㅋ 군침 절로 나오는 중국 청두 &amp; 홍콩 길거리 음식 모음🤤 | #나중에또볼동영상,3zikWQtCZ4Y,UCWYzc_p0GgfCepIWDHGFmEg,137787,3380000,0.04076538461538461,0,스트리트푸드파이터 1시간 내내 휘몰아치는 백종원 먹방 ㄹㅇ 스트리트 푸드 뽀개는 중ㅋㅋ 군침 절로 나오는 중국 청두 amp 홍콩 길거리 음식 모음 나중에또볼동영상
323,[#티전드] 면 처돌이는 환장 각🔥 아시아 면 요리 정복하는 백종원의 면 먹방 (안 보면 손해임) | #스트리트푸드파이터,r2NNJG9Zoys,UCsRIHt5FkbGc6cQtCxt-ufA,603130,4680000,0.12887393162393163,0,티전드 면 처돌이는 환장 각 아시아 면 요리 정복하는 백종원의 면 먹방 안 보면 손해임 스트리트푸드파이터
324,[#스트리트푸드파이터2] (150분) 안 먹어봤으면 궁금해서 미치고 먹어봤으면 생각나서 미치는 이색적인 맛의 향연✨ 지금 당장 비행기표 사러 갑니다 | #골라보는,KdYdbV3CCrM,UCsRIHt5FkbGc6cQtCxt-ufA,1421389,4680000,0.3037155982905983,0,스트리트푸드파이터2 150분 안 먹어봤으면 궁금해서 미치고 먹어봤으면 생각나서 미치는 이색적인 맛의 향연 지금 당장 비행기표 사러 갑니다 골라보는
325,"[#스트리트푸드파이터] 사천하면 매운맛, 매운맛 하면 사천🥵 사천 음식의 중심지인 청두로 가보자고🔥 | #골라보는",PCbPfsEehUI,UCsRIHt5FkbGc6cQtCxt-ufA,619623,4680000,0.13239807692307692,0,스트리트푸드파이터 사천하면 매운맛 매운맛 하면 사천 사천 음식의 중심지인 청두로 가보자고 골라보는
326,제이홉의 신곡 ‘온 더 스트리트’에 직접 메이킹 한 랩을 선보이는 박재범!  [더 시즌즈-박재범의 드라이브] | KBS 230312 방송,BMhvbwXgQy4,UCeLPm9yH_a_QH8n6445G-Ow,238920,8580000,0.027846153846153847,0,제이홉의 신곡 온 더 스트리트 에 직접 메이킹 한 랩을 선보이는 박재범 더 시즌즈 박재범의 드라이브 KBS 230312 방송
327,Street Fighter 2 (acapella),giRY3ZSph2o,UC3mY2SKYhPjqImtBBXsR6_Q,6348582,5860000,1.0833757679180887,1,Street Fighter 2 acapella
328,"[#스트리트푸드파이터2] 아 두 개 시킬걸, 아 큰 거 시킬걸! 백종원 후회하게 만드는 길거리 음식😋 멕시코시티부터 뉴욕, 하노이까지 끝도 없이 쭉쭉 들어가유~ | #골라보는",eDD0dkFVgVk,UCsRIHt5FkbGc6cQtCxt-ufA,484803,4680000,0.10359038461538461,0,스트리트푸드파이터2 아 두 개 시킬걸 아 큰 거 시킬걸 백종원 후회하게 만드는 길거리 음식 멕시코시티부터 뉴욕 하노이까지 끝도 없이 쭉쭉 들어가유 골라보는
329,[스우파2] 원밀리언(1MILLION) l 크루곡 퍼포먼스 대중 투표 (Crew Song Performance) #스트릿우먼파이터2,snuxiyo4AZE,UCsjD7wxKCD8C62_idZQdGJg,1973227,893000,2.209660694288914,1,스우파2 원밀리언 1MILLION l 크루곡 퍼포먼스 대중 투표 Crew Song Performance 스트릿우먼파이터2
330,푸꾸옥 왜 안가요? 돈쓸 맛 나는 베트남 신상 휴양지 🇻🇳 푸꾸옥 완벽가이드,LhbDgQfUiFM,UCwF77i_Ks5M4Dpx9ULT0_Sw,598698,266000,2.2507443609022557,1,왜 안가요 돈쓸 맛 나는 베트남 신상 휴양지 푸꾸옥 완벽가이드
331,"동남아 휴양지 BEST 4 | 겨울에 가기 좋은 해외여행지, 가까운 휴양지 추천 | 말레이시아 코타키나발루, 태국 푸켓, 필리핀 보라카이, 베트남 푸꾸옥",qIm2FPHxctk,UCsCbxK0agU2cp4-Xoy53V9w,63470,24700,2.5696356275303645,1,BEST 4 겨울에 가기 좋은 해외여행지 가까운 휴양지 추천 말레이시아 코타키나발루 태국 푸켓 필리핀 보라카이 베트남 푸꾸옥
332,"베트남 휴양지 3대장 다낭, 나트랑, 푸꾸옥 확실한 비교 견적 가이드! 궁금한 점 모두 알려드림",7YKxVebZnBY,UCsT0LZjX5FjbiB_BzPQM77g,261535,11100,23.561711711711713,1,베트남 휴양지 3대장 다낭 나트랑 푸꾸옥 확실한 비교 견적 가이드 궁금한 점 모두 알려드림
333,"여행사 직원이 추천하는 해외 휴양지 추천 BEST4 ✨해외여행 고민중이면 클릭👆🏻/ 해외 여행 추천,휴양지 추천",TfhN-Ja5CFQ,UCsCbxK0agU2cp4-Xoy53V9w,84620,24700,3.425910931174089,1,여행사 직원이 추천하는 해외 휴양지 추천 BEST4 해외여행 고민중이면 클릭 해외 여행 추천 휴양지 추천
334,[Playlist] 호캉스에 딱 🍹ㅣ휴양지 카페에서 흘러나오는 썸머 보사노바ㅣsummer bossa nova lounge music,7-m-oA5TZxk,UCSGC87iX0QhnIfUOI_B_Rdg,464981,1340000,0.34700074626865673,0,Playlist 호캉스에 딱 휴양지 카페에서 흘러나오는 썸머 보사노바 summer bossa nova lounge music
335,직접 가보고 추천해 주는 (휴양지) 해외 여행 추천 TOP5🌴 / INCREDIBLE Travel Destinations of 2019,qg88ZMmU14M,UC1i50KuNwNtcQMey4toRn8g,89792,3140,28.596178343949045,1,직접 가보고 추천해 주는 휴양지 해외 여행 추천 TOP5 INCREDIBLE Travel Destinations of 2019
336,[Playlist] 잔잔하게 들려오는 파도소리와 함께 🏖 | 휴양지에서 듣는 나른한 melody | chill out seaside music 🏖,3F46AKJq8ts,UCSGC87iX0QhnIfUOI_B_Rdg,388597,1340000,0.28999776119402987,0,Playlist 잔잔하게 들려오는 파도소리와 함께 휴양지에서 듣는 나른한 melody chill out seaside music
337,"[#걸어서세계속으로] 여름 휴양지의 끝판왕 모음집, 보기만 해도 힐링되는 곳! (KBS방송)",a-Ttgi1r17M,UCFw4M1BJYYdN1YtS8SzlDzg,81778,784000,0.10430867346938776,0,걸어서세계속으로 여름 휴양지의 끝판왕 모음집 보기만 해도 힐링되는 곳 KBS방송
338,"[PLAYLIST]Beach Cafe, 해변으로 순간이동, 휴양지 카페음악",g7UYKzTJve8,UCtWNc3l9rDMuVuMgPhOqdvQ,38990,3680,10.595108695652174,1,PLAYLIST Beach Cafe 해변으로 순간이동 휴양지 카페음악
340,우리나라에서 가까운 5시간 이내 최고의 휴양지 Best5 #shorts #휴양지,_Kxdz0buB9U,UCBlTg7kjCgGOKZ63OZpVpJg,46181,28,1649.3214285714287,1,우리나라에서 가까운 5시간 이내 최고의 휴양지 Best5 shorts 휴양지
341,보라카이 가성비가 독보적인 이유.. 그냥 흔한 여행지인 줄 알았어요,WXmx3A8osW0,UCGznJ6xII2H4BIXEclV9QEg,464871,372000,1.2496532258064517,1,보라카이 가성비가 독보적인 이유 그냥 흔한 여행지인 줄 알았어요
342,두 찐따가 스튜어디스와 휴양지에 가면 생기는 일 - 괌 上,lAHt7VJSr7U,UClRNDVO8093rmRTtLe4GEPw,2691424,1820000,1.4788043956043957,1,두 찐따가 스튜어디스와 휴양지에 가면 생기는 일 괌
343,"인생 최고의 동남아 휴양지, Bali🇮🇩 | 발리 여행 7박9일 일정의 모든 것",6EsETg51Gxs,UCd_B0WuVyX2TxXHnGXvHUAw,141364,14500,9.749241379310345,1,인생 최고의 동남아 휴양지 Bali 발리 여행 7박9일 일정의 모든 것
344,🌴 이 영상 하나면 휴양지 짐싸기 완료 🥽🏖️ (필수템 준비물 대방출❗️) | 🇵🇭 4박 6일 보홀 짐 잘쓴템 안쓴템 총정리 👒👙 | pack with me!,u573d_-pZos,UC47IpBsAbaZZbY9Ov_SCYIg,122579,4070,30.11769041769042,1,이 영상 하나면 휴양지 짐싸기 완료 필수템 준비물 대방출 4박 6일 보홀 짐 잘쓴템 안쓴템 총정리 pack with me
345,"🌴 휴양지 가기 전 장바구니 wishlist 공개👙️ | ✶ 동남아, 휴양지 옷 찾기 귀찮다 하는 분들 오세요 ✩⡱ (광고❌, 에이블리 ver)",b3iw1RxMeNo,UC47IpBsAbaZZbY9Ov_SCYIg,69598,4070,17.1002457002457,1,휴양지 가기 전 장바구니 wishlist 공개 동남아 휴양지 옷 찾기 귀찮다 하는 분들 오세요 광고 에이블리 ver
346,[BGM] 열대 휴양지 낙원에 깔리는 브금 / 해변음악 / Paradise Beach 배경음악,eertVQvfQtA,UCtWNc3l9rDMuVuMgPhOqdvQ,25770,3680,7.002717391304348,1,BGM 열대 휴양지 낙원에 깔리는 브금 해변음악 Paradise Beach 배경음악
347,[VLOG] 동남아 최고 휴양지 Bali 🏝 무조건 가세요 🇮🇩 (with. 하누) | 우붓 | 비치클럽 | 선셋 | 을루와뚜 | 마사지 추천,4qRpQZJoGf4,UCa5KbflziIj3gvCvz5CE0oA,138679,77400,1.79171834625323,1,VLOG 동남아 최고 휴양지 Bali 무조건 가세요 with 하누 우붓 비치클럽 선셋 을루와뚜 마사지 추천
348,🇮🇹ep.7 이탈리아 남부여행 | 유럽 최고의 휴양지 | 풀리아 바리에서 보내는 여름휴가 ⛵️ | polignano a mare 폴리냐노 아마레 💙,P3s9PAyVNzs,UCpTN7i5u1kaiRE_p7eG1jJg,6692,1770,3.7807909604519776,1,ep 7 이탈리아 남부여행 유럽 최고의 휴양지 풀리아 바리에서 보내는 여름휴가 polignano a mare 폴리냐노 아마레
349,일반인들은 잘 모르는 환상의 휴양지 Best 5 Phantom resort not familiar to ordinary people [해외여행],eNM2SAtINjQ,UCOOB6XEl9KTf9sXNY1ovbAA,140196,88200,1.5895238095238096,1,일반인들은 잘 모르는 환상의 휴양지 Best 5 Phantom resort not familiar to ordinary people 해외여행
351,휴양지 여행코디법✈️캐리어에 이거 꼭 넣자!! #여행룩 #코디 #룩북 #shorts #패션,rznXjfZum8Y,UC_gkwRB-p1JrOzzJk7PBKDQ,763090,813000,0.938610086100861,1,휴양지 여행코디법 캐리어에 이거 꼭 넣자 여행룩 코디 룩북 shorts 패션
352,"무료 1박이 가능하다고?! BTS 호텔 🏖️휴양지 추천 리뷰 summer packege, travel 아쿠아 클럽 리조트 사이판여행 해외여행",hJ-18oTpKjI,UCL7rEdClhrolI_0sVwRa9xw,529,2260,0.23407079646017698,0,무료 1박이 가능하다고 BTS 호텔 휴양지 추천 리뷰 summer packege travel 아쿠아 클럽 리조트 사이판여행 해외여행
353,이런게 휴양지구나…? 베트남에서 보낸 3박4일 최고의 여름휴가🏝️🌊 나트랑 자유여행. 리조트추천.마사지.맛집,v_99CkzbQfo,UC00egJmhuSd7HIAmzJxHv9w,21430,78900,0.27160963244613434,0,이런게 휴양지구나 베트남에서 보낸 3박4일 최고의 여름휴가 나트랑 자유여행 리조트추천 마사지 맛집
354,태국 휴양지는 끄라비 강추! ✈️ 진심! 모든사람이 끄라비여행을 했으면 좋겠다 💕 | 피피섬 투어 | 루프탑 뷰맛집 👍,u9CYRflk8KE,UCVJndxmsgWIoH1NlLJIewGA,3975,1460,2.7226027397260273,1,태국 휴양지는 끄라비 강추 진심 모든사람이 끄라비여행을 했으면 좋겠다 피피섬 투어 루프탑 뷰맛집
355,휴가룩으로 참고하면 좋을 수지의 브이로그 속 휴양지 패션!,-24_98w9yRg,UClpm-YbPhksdAH_bHJRq2yg,466776,61700,7.565251215559157,1,휴가룩으로 참고하면 좋을 수지의 브이로그 속 휴양지 패션
356,나트랑 인생숙소…!4박5일 여행 브이로그 ep.02꼭 보고 가세요•••👒|휴양지 코디|나트랑 풀빌라 리조트|썬번마사지|빈펄랜드|나트랑호캉스|플로팅조식|비키니추천,-EOCqbCkq3o,UCvzViMPSztQ6tb3TYFsxHFQ,72251,20900,3.456985645933014,1,나트랑 인생숙소 4박5일 여행 브이로그 ep 02꼭 보고 가세요 휴양지 코디 나트랑 풀빌라 리조트 썬번마사지 빈펄랜드 나트랑호캉스 플로팅조식 비키니추천
357,한국인이 가장 가고 싶어하는 동남아 여름 휴양지 베스트5,Qv0CHRbFUCU,UCK1CG2901XRi23EjeS94p6A,8881,7,1268.7142857142858,1,한국인이 가장 가고 싶어하는 동남아 여름 휴양지 베스트5
358,🇮🇹ep.6 이탈리아 남부여행 | 이태리 최고의 휴양지에서 하루종일 수영하기 👙 | 폴리냐노 아마레 | 풀리아 바리 ⛱️,2KHG3EKfOLE,UCpTN7i5u1kaiRE_p7eG1jJg,10505,1770,5.935028248587571,1,ep 6 이탈리아 남부여행 이태리 최고의 휴양지에서 하루종일 수영하기 폴리냐노 아마레 풀리아 바리
359,인생샷 200%🩵 휴양지 원피스 추천🌴🩵,DpW8XsRxHSo,UCL0DDCStyO4NeAFJoN_cO8Q,67861,193000,0.35161139896373056,0,인생샷 200 휴양지 원피스 추천
360,7일 동안 1만원으로 살면 생기는 일,II0uXsZrRwk,UClWg5n2YST6_697s-zQSMnA,552081,95900,5.756840458811261,1,7일 동안 1만원으로 살면 생기는 일
361,태국 치앙마이에서 한국 돈 만원으로 얼마나 살 수 있을까? - 치앙마이 만원살기 🇹🇭,QIL3hXz_SSQ,UCWqWR1sFAz9UsjwkFHEkBsw,325285,477000,0.6819392033542977,0,태국 치앙마이에서 한국 돈 만원으로 얼마나 살 수 있을까 치앙마이 만원살기
362,만원으로 할게 없네... 돈값이 똥값이여,ODBj34teFxU,UCsJ6RuBiTVWRX156FVbeaGg,1616827,3060000,0.5283748366013072,0,만원으로 할게 없네 돈값이 똥값이여
363,터키 이스탄불에서 만원으로 얼마나 살 수 있을까? &amp; 이스탄불 여행 꿀팁 - 세계여행 터키 🇹🇷 [22],f1G9qqPywTI,UCWqWR1sFAz9UsjwkFHEkBsw,966001,477000,2.025159329140461,1,터키 이스탄불에서 만원으로 얼마나 살 수 있을까 amp 이스탄불 여행 꿀팁 세계여행 터키 22
364,콜롬비아 깔리에서 만원으로 얼마나 살 수 있을까? &amp; 콜롬비아 제일의 범죄도시 - 세계여행 콜롬비아 🇨🇴 [59],8NAGmTM1RvQ,UCWqWR1sFAz9UsjwkFHEkBsw,1036467,477000,2.17288679245283,1,콜롬비아 깔리에서 만원으로 얼마나 살 수 있을까 amp 콜롬비아 제일의 범죄도시 세계여행 콜롬비아 59
365,배급 없이 못 산다. 한국보다 물가 더 비싼 사회주의 국가 베네수엘라에서 만원으로 얼마나 살 수 있을까? 🇻🇪,aCL2zKzq7fU,UCWqWR1sFAz9UsjwkFHEkBsw,1725248,477000,3.6168721174004195,1,배급 없이 못 산다 한국보다 물가 더 비싼 사회주의 국가 베네수엘라에서 만원으로 얼마나 살 수 있을까
366,"경제 폭망, 물가 곱창난 아르헨티나 수도 부에노스 아이레스에서 만 원으로 얼마나 먹을 수 있을까? 🇦🇷",Q2NsnkJ9pWI,UCWqWR1sFAz9UsjwkFHEkBsw,3332022,477000,6.98537106918239,1,경제 폭망 물가 곱창난 아르헨티나 수도 부에노스 아이레스에서 만 원으로 얼마나 먹을 수 있을까
367,[작가지망생 브이로그📖] 만원으로 일주일버티기💸,X0vmTMvtov4,UCCEuL92vSfyMmoAN53fB0WA,16537,133000,0.12433834586466165,0,작가지망생 브이로그 만원으로 일주일버티기
368,100만원으로할수있는것 #쇼츠 #shorts,ymj5egzs1Ss,UCMrpKKdjDpdhuqp34kzkHzA,105,19,5.526315789473684,1,100만원으로할수있는것 쇼츠 shorts
369,"10,000원으로 일주일 살아보자!! 이런 것도 챌린지...?? [파뿌리]",lnT4gDUn5iE,UClzB2iZ5jPoTNz0S-QU6Wiw,3354113,1640000,2.0451908536585366,1,10 000원으로 일주일 살아보자 이런 것도 챌린지 파뿌리
370,만원으로 고기먹기,j5AJv_5Da1w,UCT3CumbFIJiW33uq0UI3zlg,2483634,1320000,1.881540909090909,1,만원으로 고기먹기
371,월급 250만원으로 가장 빨리 1억 모으는 법 (김경필 머니트레이너 풀버전),eGvbFhLWcWU,UCvil4OAt-zShzkKHsg9EQAw,1109285,2030000,0.5464458128078817,0,월급 250만원으로 가장 빨리 1억 모으는 법 김경필 머니트레이너 풀버전
372,콜롬비아 보고타에서 만원으로 얼마나 살 수 있을까? &amp; 보고타 여행 팁 - 세계여행 콜롬비아 🇨🇴 [52],p2IrYhWuXqM,UCWqWR1sFAz9UsjwkFHEkBsw,920776,477000,1.9303480083857443,1,콜롬비아 보고타에서 만원으로 얼마나 살 수 있을까 amp 보고타 여행 팁 세계여행 콜롬비아 52
373,100만원으로 시작해서 부자 될 수 있습니다. 이대로만 따라하세요 (실전 투자자 김종봉),WavkhLktyJI,UCDSj40X9FFUAnx1nv7gQhcA,189185,1330000,0.14224436090225565,0,100만원으로 시작해서 부자 될 수 있습니다 이대로만 따라하세요 실전 투자자 김종봉
374,"5만원으로 먹는 일주일 집밥 🍲 | 식비절약 | 비빔칼국수, 당근김밥, 소고기 부추말이, 아스파라거스 불고기, 맑은등뼈감자탕, 오이고추덮밥, 컵누들순두부찌개",kXy7zcJZAlg,UCmr3uYzuaW0DJVZbF7vC-QA,275938,364000,0.7580714285714286,0,5만원으로 먹는 일주일 집밥 식비절약 비빔칼국수 당근김밥 소고기 부추말이 아스파라거스 불고기 맑은등뼈감자탕 오이고추덮밥 컵누들순두부찌개
375,만원으로장보기 89 자취생 일주일반찬만들기 2년후 : 1주일 식단표 푸짐하게 먹는 집밥,f3lUKw0ZwJg,UC12BY9i1Lurqcvt-IZOpVvw,936179,390000,2.4004589743589744,1,만원으로장보기 89 자취생 일주일반찬만들기 2년후 1주일 식단표 푸짐하게 먹는 집밥
376,20살 비트코인 만원으로100만원 만들기 프로젝트 첫달,f_Q-sgzZaX4,UCFRFxvWoYEjBqlykCJ6HgPQ,44005,36,1222.361111111111,1,20살 비트코인 만원으로100만원 만들기 프로젝트 첫달
377,14억짜리 사업 단돈 200만원으로 해결한 양산시 직원 만나봄 #shorts / 스브스뉴스,dmxkLtsbtso,UCQabORQKQRHP-iUqe-xIFvg,50244,969000,0.05185139318885449,0,14억짜리 사업 단돈 200만원으로 해결한 양산시 직원 만나봄 shorts 스브스뉴스
378,"46,000원을 &#39;5만원&#39;으로 만드는 꿀팁",9COAdmDQeIE,UCJswSyP8FrKFAukRPbJ950A,1026285,738000,1.390630081300813,1,46 000원을 39 5만원 39 으로 만드는 꿀팁
380,"저라면 1,000만원으로 이렇게 돈 불립니다 (존리 3부)",KZCbqBc1Hlg,UCDSj40X9FFUAnx1nv7gQhcA,2610303,1330000,1.9626338345864662,1,저라면 1 000만원으로 이렇게 돈 불립니다 존리 3부
381,미국에서 단 돈 만원으로 방학동안 살아남는 만화,rWucZWl5-a0,UCR1FcgQRu2fO70ZjzgmfzBw,644927,447000,1.4427897091722595,1,미국에서 단 돈 만원으로 방학동안 살아남는 만화
382,전재산 80만원으로 시작해서 슈퍼카 180대 빌려주는 30살,cZeoVr0wVfk,UCBbJv4YWyu89pP1tg9laatw,117847,482000,0.24449585062240664,0,전재산 80만원으로 시작해서 슈퍼카 180대 빌려주는 30살
383,한달에 식비 5만원으로 사는 법 - 20대 1억 저축 도전 브이로그 35  #절약 #브이로그 #짠순이 #무지출 #1억모으기 #가계부 #집밥,QIDOOlYXdWk,UCzMWvGQ9twTU22UDEqi4YQA,40722,19400,2.0990721649484536,1,한달에 식비 5만원으로 사는 법 20대 1억 저축 도전 브이로그 35 절약 브이로그 짠순이 무지출 1억모으기 가계부 집밥
384,"14억짜리 양산시 사업, 단돈 200만원으로 해결한 직원 만나봄 / 스브스뉴스",qbYhaNGhq1c,UCQabORQKQRHP-iUqe-xIFvg,1222637,969000,1.2617512899896801,1,14억짜리 양산시 사업 단돈 200만원으로 해결한 직원 만나봄 스브스뉴스
385,&quot;단돈 10만원 정도만 있어도 1억 모은다? 적은 돈으로 쉽고 빠르게 부자되는 법 공개합니다&quot; 월급 250만원이어도 &#39;이 방법&#39;이면 1억 금방 모을 수 있어요 #김경필 #돈쭐남,d86E0MnIiVY,UCriq8I8GEESkQq0svX19oCw,1065594,391000,2.725304347826087,1,quot 단돈 10만원 정도만 있어도 1억 모은다 적은 돈으로 쉽고 빠르게 부자되는 법 공개합니다 quot 월급 250만원이어도 39 이 방법 39 이면 1억 금방 모을 수 있어요 김경필 돈쭐남
386,1000만원으로 50억을 번 의사가 알려주는 유망 주식 (성현우 의사 풀버전),bymFrd3Nbi8,UCvil4OAt-zShzkKHsg9EQAw,1634676,2030000,0.8052591133004926,0,1000만원으로 50억을 번 의사가 알려주는 유망 주식 성현우 의사 풀버전
387,"15만원으로 10억! 만든 쉬운 대장주 매매법, 이것만 알아도 부자됩니다 (대왕개미 홍인기 풀영상)",_oOi4JqpedM,UCFNvxbkVLERlXqoSRtZ8KVQ,269129,310000,0.868158064516129,1,15만원으로 10억 만든 쉬운 대장주 매매법 이것만 알아도 부자됩니다 대왕개미 홍인기 풀영상
388,고물가 시대 자취 식비절약 만원으로 일주일 반찬만들기(시장편),CDLQYKc1z14,UCGloQUvVcQ5UNMcpmyhkW_Q,156404,46900,3.3348400852878464,1,고물가 시대 자취 식비절약 만원으로 일주일 반찬만들기 시장편
389,만원으로 일주일 반찬 해결하기,NShmi9Q5W_I,UC0htUSwcxfSGNfK_5Q28JkA,10566978,2690000,3.9282446096654273,1,만원으로 일주일 반찬 해결하기
391,[하이라이트] 도쿄에서 로마까지 슝✈️💨 세븐틴의 수학여행 지금 바로 시작합니다🇮🇹 #highlight #나나투어with세븐틴 EP.1,WGB9hkVnu_o,UC78PMQprrZTbU0IlMDsYZPw,1552771,4080000,0.3805811274509804,0,하이라이트 도쿄에서 로마까지 슝 세븐틴의 수학여행 지금 바로 시작합니다 highlight 나나투어with세븐틴 EP 1
392,[GOING SEVENTEEN] EP.81 셉셉투어 #1 (TOUR SEV SEV #1),xgDMfMt7kDs,UCfkXDY7vwkcJ8ddFGz8KusA,3823873,10800000,0.3540623148148148,0,GOING SEVENTEEN EP 81 셉셉투어 1 TOUR SEV SEV 1
393,[하이라이트] Q. 세븐틴 이탈리아에서 뭐 하나요? A. 먹고🥪 놀고📸 게임해요🎮 #highlight #나나투어with세븐틴 EP.2,33jbsK3xa8Q,UC78PMQprrZTbU0IlMDsYZPw,1077942,4080000,0.2642014705882353,0,하이라이트 Q 세븐틴 이탈리아에서 뭐 하나요 A 먹고 놀고 게임해요 highlight 나나투어with세븐틴 EP 2
394,[하이라이트] 열정적 게임! 열정적 축제! 열정적 미션! 세븐틴 runnin’ too HOT🔥 #highlight #나나투어with세븐틴 EP.3,kSRGqwEWtCE,UC78PMQprrZTbU0IlMDsYZPw,697788,4080000,0.1710264705882353,0,하이라이트 열정적 게임 열정적 축제 열정적 미션 세븐틴 runnin too HOT highlight 나나투어with세븐틴 EP 3
395,[EP.03] 아우디즈의 찾아서 투어✈️ | 오이 샌드위치를 찾아서🥒🍞,Kg3iTsmok3k,UC9GtSLeksfK4yuJ_g1lgQbg,585153,5380000,0.10876449814126395,0,EP 03 아우디즈의 찾아서 투어 오이 샌드위치를 찾아서
396,런닝투어,ey4H7BY5CAI,UCaKod3X1Tn4c7Ci0iUKcvzQ,890850,3190000,0.27926332288401257,0,런닝투어
397,[하이라이트] 나나투어 그랜드 피날레✨ 함께여서 행복했던 우리들의 이탈리아💗 #highlight #나나투어with세븐틴 EP.6,2NZyYpZHKqk,UC78PMQprrZTbU0IlMDsYZPw,170523,4080000,0.04179485294117647,0,하이라이트 나나투어 그랜드 피날레 함께여서 행복했던 우리들의 이탈리아 highlight 나나투어with세븐틴 EP 6
398,"귀 열어, 핵심만 들어간다!! 📖 | 보라카이 호핑투어 |내돈내산후기|보자무싸|여행꿀팁|보라카이꿀팁|보라카이선셋세일링|보라카이보트투어|보라카이 픽업샌딩|커플 브이로그|동남아 여행",v35-MApkjww,UCjSj_rif-7Lpe40ZFQGhi8A,367,1230,0.2983739837398374,0,귀 열어 핵심만 들어간다 보라카이 호핑투어 내돈내산후기 보자무싸 여행꿀팁 보라카이꿀팁 보라카이선셋세일링 보라카이보트투어 보라카이 픽업샌딩 커플 브이로그 동남아 여행
399,[GOING SEVENTEEN] EP.82 셉셉투어 : 팔랑귀 여행 (TOUR SEV SEV : Gullibles’ Travels),cawv7OuaDY8,UCfkXDY7vwkcJ8ddFGz8KusA,3189532,10800000,0.29532703703703705,0,GOING SEVENTEEN EP 82 셉셉투어 팔랑귀 여행 TOUR SEV SEV Gullibles Travels
400,[1화 미방분] 여행의 시작은 어디부터다? 첫 독박 내기 스타트✈️#베트남 [#독박투어],9YSq1JdijUU,UCK299tM2j86pzJ2AyGQqX3A,24088,238000,0.10121008403361345,0,1화 미방분 여행의 시작은 어디부터다 첫 독박 내기 스타트 베트남 독박투어
401,독박투어 특) 볶음밥 먹다가도 게임함 [#독박투어] #베트남ㅣ1화-5,G4CnAfDeoAs,UCK299tM2j86pzJ2AyGQqX3A,18648,238000,0.07835294117647058,0,독박투어 특 볶음밥 먹다가도 게임함 독박투어 베트남 1화 5
402,종국이 말아주는 LA 투어에 술렁이는 장내,sFmAHh-dfik,UCnx4Fi4cmkLGDiFfZ311wWw,1501795,2600000,0.5776134615384615,0,종국이 말아주는 LA 투어에 술렁이는 장내
403,[NANA TOUR with SEVENTEEN] Preview Clip - EP6,OUBYEZqEISg,UCfkXDY7vwkcJ8ddFGz8KusA,210542,10800000,0.01949462962962963,0,NANA TOUR with SEVENTEEN Preview Clip EP6
404,[sub] ✈1회 선공개ㅣ네? 3분 후에 떠나야 된다고요?ㅣ✈나나투어 with 세븐틴,vpBgEYvNRvk,UCQ2O-iftmnlfrBuNsUUTofQ,1029787,6220000,0.16556061093247587,0,sub 1회 선공개 네 3분 후에 떠나야 된다고요 나나투어 with 세븐틴
405,이번 독박은 팀전으로 간다! 로띠 길게 자르기 [#독박투어] #말레이시아ㅣ시즌2 6-4,RmtqdNV-wxg,UCK299tM2j86pzJ2AyGQqX3A,23485,238000,0.0986764705882353,0,이번 독박은 팀전으로 간다 로띠 길게 자르기 독박투어 말레이시아 시즌2 6 4
406,[하이라이트] 게임은 열정적으로🔥 여행은 여유롭게☘️ 세봉이들의 ON &amp; OFF✨ #highlight #나나투어with세븐틴 EP.4,c2ffZeKEmBI,UC78PMQprrZTbU0IlMDsYZPw,426110,4080000,0.10443872549019607,0,하이라이트 게임은 열정적으로 여행은 여유롭게 세봉이들의 ON amp OFF highlight 나나투어with세븐틴 EP 4
407,[NANA TOUR with SEVENTEEN] Highlight,5MpgEUlt070,UCfkXDY7vwkcJ8ddFGz8KusA,1007377,10800000,0.09327564814814815,0,NANA TOUR with SEVENTEEN Highlight
408,술 한 병이 160만 원이라고? 역대급 식사 독박 온다 [#독박투어] #홍콩ㅣ시즌2 3화-1,rgyIJJPzaiQ,UCK299tM2j86pzJ2AyGQqX3A,20224,238000,0.08497478991596638,0,술 한 병이 160만 원이라고 역대급 식사 독박 온다 독박투어 홍콩 시즌2 3화 1
409,[sub] ✈2회 예고 l 그냥은 못 놀지ㅣ✈나나투어 with 세븐틴,wPX-GdolNuo,UCQ2O-iftmnlfrBuNsUUTofQ,352020,6220000,0.056594855305466235,0,sub 2회 예고 l 그냥은 못 놀지 나나투어 with 세븐틴
410,해외 인플루언서들의 서울투어ㅋㅋ,uVimrPCFyhA,UClpm-YbPhksdAH_bHJRq2yg,1008419,61700,16.343905996758508,1,해외 인플루언서들의 서울투어ㅋㅋ
411,[자막뉴스] 대형 여행사가 내놓은 &#39;초특가&#39; 여행…3개월 만에 뒤집어진 고객들 / JTBC News,t5k3H7ZwD0g,UCsU-I-vHLiaMfV_ceaYz5rQ,1076036,3260000,0.3300723926380368,0,자막뉴스 대형 여행사가 내놓은 39 초특가 39 여행 3개월 만에 뒤집어진 고객들 JTBC News
412,[#모아볼지도] 통독박 받고 여장까지?? 독박투어2 말레이시아 1편 게임 모음.ZIP 1탄 [#독박투어] #말레이시아ㅣ하이라이트 1편,Tn7LDVV8Yog,UCK299tM2j86pzJ2AyGQqX3A,4089,238000,0.017180672268907564,0,모아볼지도 통독박 받고 여장까지 독박투어2 말레이시아 1편 게임 모음 ZIP 1탄 독박투어 말레이시아 하이라이트 1편
413,제발 니들끼리 하라고 하니까 문자 보내자! 독박 손금 맞추기 [#독박투어] #사이판ㅣ시즌2 7화-2,zRHtx568YOw,UCK299tM2j86pzJ2AyGQqX3A,16699,238000,0.07016386554621849,0,제발 니들끼리 하라고 하니까 문자 보내자 독박 손금 맞추기 독박투어 사이판 시즌2 7화 2
414,독박즈 연예인 지인들 총 출동ㅋ 최악의 이미지 멤버는 누구? [#독박투어] #사이판ㅣ시즌2 8화-4,hPvIa-B3hoI,UCK299tM2j86pzJ2AyGQqX3A,12436,238000,0.05225210084033614,0,독박즈 연예인 지인들 총 출동ㅋ 최악의 이미지 멤버는 누구 독박투어 사이판 시즌2 8화 4
415,유세윤은 뭘 시킨거야? 나대다가 사고침 [#독박투어] #베트남ㅣ2화-4,JEHyX6Nv1rM,UCK299tM2j86pzJ2AyGQqX3A,26443,238000,0.11110504201680672,0,유세윤은 뭘 시킨거야 나대다가 사고침 독박투어 베트남 2화 4
416,"NMIXX 2차 월드투어 이슈, 그런데 이제 하루만에 끝내는... Marble O&#39;Clock EP.1 | PICK NMIXX",QB0N_3IxxAo,UCnUAyD4t2LkvW68YrDh7fDg,164160,2470000,0.06646153846153846,0,NMIXX 2차 월드투어 이슈 그런데 이제 하루만에 끝내는 Marble O 39 Clock EP 1 PICK NMIXX
417,[끝판토론] 윤석열 대통령 민생투어는 치외법권인가? 이런 대통령을 대체 어찌해야 할까?,kZno30QUaK8,UCgeOlLcX6PReHdWImEnUVTg,27506,750000,0.03667466666666667,0,끝판토론 윤석열 대통령 민생투어는 치외법권인가 이런 대통령을 대체 어찌해야 할까
418,꼬치 길이 제일 짧은 사람이 저녁 독박! 랜덤 사테 꼬치 고르기🍢 [#독박투어] #말레이시아ㅣ시즌2 5-1,Pha-gGZegtY,UCK299tM2j86pzJ2AyGQqX3A,9603,238000,0.04034873949579832,0,꼬치 길이 제일 짧은 사람이 저녁 독박 랜덤 사테 꼬치 고르기 독박투어 말레이시아 시즌2 5 1
419,여기 체중계가 왜 있어...? 모르지만 일단 체중계로 게임함 [#독박투어] #말레이시아ㅣ시즌2 4-2,goHaCmXIhPI,UCK299tM2j86pzJ2AyGQqX3A,6859,238000,0.028819327731092435,0,여기 체중계가 왜 있어 모르지만 일단 체중계로 게임함 독박투어 말레이시아 시즌2 4 2
420,&quot;직접 보니 더 멋진 곳&quot; 꼭! 가봐야하는 국내 당일치기 힐링 명소 | 혼자여행,X5lD8YImOMA,UC1UhY2_ytA9hPxN7m40JTaw,205888,61400,3.353224755700326,1,quot 직접 보니 더 멋진 곳 quot 꼭 가봐야하는 국내 당일치기 힐링 명소 혼자여행
421,[Jeans&#39; ZINE🐢] 다니엘의 힐링 여행 EP.1 모다니와 동물 친구들🐰🦙🐴🐕🐷 | NewJeans,waPS1dLcaxY,UCMki_UkHb4qSc0qyEcOHHJw,443019,6640000,0.06671972891566265,0,Jeans 39 ZINE 다니엘의 힐링 여행 EP 1 모다니와 동물 친구들 NewJeans
422,남녀가 함께 떠나는 2박 3일 힐링여행🏝️,_PzdsaXK3cM,UC5Ida86tt8QKa4Myw7idxNg,770788,1140000,0.6761298245614035,0,남녀가 함께 떠나는 2박 3일 힐링여행
423,아름다운 도시 구례에 다녀왔어요 🌿ㅣ쉼과 휴식이 있는 힐링 여행ㅣ구례 여행 브이로그ㅣ국내 여행지 추천,6xDohQMJNWM,UCy0229ISL-677SAuK_1In_A,470711,2540000,0.1853192913385827,0,아름다운 도시 구례에 다녀왔어요 쉼과 휴식이 있는 힐링 여행 구례 여행 브이로그 국내 여행지 추천
424,"짧은 힐링 여행 | 찐빵, 펜션, 장보기, 바베큐, 불멍 · Vlog",L6ObkDB-L90,UCowTHOjp47dzNxR8cz83LGA,661181,648000,1.020341049382716,1,짧은 힐링 여행 찐빵 펜션 장보기 바베큐 불멍 Vlog
425,나홀로 2박3일 진안 힐링 여행vlog,oGFtmSXWDQo,UCcpXmnQFXzRdChYn_cEgQpQ,71481,162000,0.44124074074074077,0,나홀로 2박3일 진안 힐링 여행vlog
426,"국내 숲캉스, 산캉스 1등 호텔 리조트는 어디? 힐링에는 무조건 여기!",e9AUcqK8TG8,UCZGYoRCH03Fk-LBiE9-BPSA,122845,75000,1.6379333333333332,1,국내 숲캉스 산캉스 1등 호텔 리조트는 어디 힐링에는 무조건 여기
427,[Jeans&#39; ZINE🐢] 다니엘의 힐링 여행 EP.2 나홀로 캠핑🏕🍳🎙 | NewJeans,J5LrBDQxaqU,UCMki_UkHb4qSc0qyEcOHHJw,273995,6640000,0.041264307228915664,0,Jeans 39 ZINE 다니엘의 힐링 여행 EP 2 나홀로 캠핑 NewJeans
428,"나혼자 1박2일 강릉 힐링 여행ㅣ순두부, 옹심이커피, 오징어순대, 바다열차, 시간박물관, 하슬라아트월드, 장칼국수",LzEzoHnEax0,UCcpXmnQFXzRdChYn_cEgQpQ,367397,162000,2.2678827160493826,1,나혼자 1박2일 강릉 힐링 여행 순두부 옹심이커피 오징어순대 바다열차 시간박물관 하슬라아트월드 장칼국수
429,외국보다 훨씬 더 멋진 대한민국 여행지 5곳 | 사진보다 실제로 가보면 더 좋은 곳,gJCnBgtvL80,UCNbIuApep1oY2qybB0t1IJQ,5869334,372000,15.777779569892473,1,외국보다 훨씬 더 멋진 대한민국 여행지 5곳 사진보다 실제로 가보면 더 좋은 곳
430,볼음도 힐링 여행스팟 모음zip | 국내여행 | 1박2일,7-X3Az991B8,UCzXNBo1PYNsqSrN19XK3hPw,492,19800,0.02484848484848485,0,볼음도 힐링 여행스팟 모음zip 국내여행 1박2일
431,강원 횡성ㅣ밥 3끼 + 숙박하는 비용이 2인 7만 8천원ㅣ국내여행 1박 3끼 먹는 저렴한 힐링 숲캉스 무장애여행지,J3utlxqnSbw,UCbrzXpTL8AQoiG7d-JSM3wg,1197476,277000,4.323018050541516,1,강원 횡성 밥 3끼 숙박하는 비용이 2인 7만 8천원 국내여행 1박 3끼 먹는 저렴한 힐링 숲캉스 무장애여행지
432,"vlog｜혼자 있고 싶을 때 떠나는, 1박 2일 군산 힐링 여행｜심리전문책방부터 장자도 대장봉까지｜나혼자 뚜벅이 군산여행｜하는사람er",IUeMReFmihc,UCyoHymeNEGHnSfNH033mf-A,21813,11600,1.8804310344827586,1,vlog 혼자 있고 싶을 때 떠나는 1박 2일 군산 힐링 여행 심리전문책방부터 장자도 대장봉까지 나혼자 뚜벅이 군산여행 하는사람er
433,"쉬고 싶을때 , 가볼만한 힐링여행!! 3000개의 빛과 함께하는 나라 가스가타이샤",wHl-uXMPbks,UCsNfSIKbJ9QBAegU-2BnlXA,408302,1050000,0.3888590476190476,0,쉬고 싶을때 가볼만한 힐링여행 3000개의 빛과 함께하는 나라 가스가타이샤
434,겨울에 &#39;따뜻한&#39; 천연수 온천이!? 당일치기 힐링 여행지 코스 | 뚜벅이 | 혼자여행,Y3SLsQchtBk,UC1UhY2_ytA9hPxN7m40JTaw,198097,61400,3.2263355048859936,1,겨울에 39 따뜻한 39 천연수 온천이 당일치기 힐링 여행지 코스 뚜벅이 혼자여행
435,&#39;15m 소나무&#39; 위를 걷고 바다도 보는! 이색적인 당일치기 힐링 여행지,XzdpYl90kz8,UC1UhY2_ytA9hPxN7m40JTaw,371590,61400,6.0519543973941365,1,39 15m 소나무 39 위를 걷고 바다도 보는 이색적인 당일치기 힐링 여행지
436,"국내여행 | 강진 힐링여행 🍃 (한옥민박, 전통찻집, 가우도 액티비티, 설록다원, 백운동원림, 다산초당, 민화박물관)",DgKLRlVSDlg,UCzRoNFPzlxRFcj5NCwfVVCw,7822,61200,0.12781045751633988,0,국내여행 강진 힐링여행 한옥민박 전통찻집 가우도 액티비티 설록다원 백운동원림 다산초당 민화박물관
437,국내여행 | 놓칠 수 없는 숨은 명소 5곳 추천 #힐링여행 #국내여행지추천,9vUeVeATbz4,UCFDI3Mp1LusbJ1E8u4qkoEg,3463,482,7.1846473029045645,1,국내여행 놓칠 수 없는 숨은 명소 5곳 추천 힐링여행 국내여행지추천
438,한국에서 발견한 눈 내리는 겨울 온천 ｜ 파라다이스 스파 도고,aRkh0LW91E8,UCcKjPSXKAYQqZkBmjyTAPXw,631873,11400,55.42745614035088,1,한국에서 발견한 눈 내리는 겨울 온천 파라다이스 스파 도고
439,만취한 두 여자사이에서 자야하는 한 남자의 이야기,Ntjx2IW44bU,UC5Ida86tt8QKa4Myw7idxNg,1207003,1140000,1.0587745614035087,1,만취한 두 여자사이에서 자야하는 한 남자의 이야기
440,"남녀가 함께 떠난 여행, 마지막 이야기",wG6YcXxppuE,UC5Ida86tt8QKa4Myw7idxNg,646036,1140000,0.566698245614035,0,남녀가 함께 떠난 여행 마지막 이야기
441,"마음이 힘들 때 내가 하는 것, 나 혼자 힐링 여행 🏡 나의 리틀 포레스트를 찾아서 - 경북 군위여행 (2)",JqmNZ2Hf0dQ,UCMzN9AyoUmilZrOnqZGL8oQ,17359,4200,4.133095238095238,1,마음이 힘들 때 내가 하는 것 나 혼자 힐링 여행 나의 리틀 포레스트를 찾아서 경북 군위여행 2
442,더블비 최초로 안싸우고 행복하게 해외 여행하는 힐링영상^^,XxykNTPeFk4,UCyCL5k8P1iUOc1EymhhMW1A,724692,1710000,0.42379649122807017,0,더블비 최초로 안싸우고 행복하게 해외 여행하는 힐링영상
443,박창근 넌(자작곡) 힐링여행 국민가수 #박창근노트,0JOBWUILU4E,UCi5wAuCacVjr5jhFE4_6vdg,5347,14300,0.37391608391608394,0,박창근 넌 자작곡 힐링여행 국민가수 박창근노트
444,eng) 방학기념 힐링여행 vlog🏕 : 일본의 감성 글램핑은 어떨까? (feat. 오카게요코초 먹거리 뿌수기🍵),i_BiSCKcAWQ,UCoQy2wS5aiKCk-rUXiLS-vQ,1409867,1040000,1.3556413461538461,1,eng 방학기념 힐링여행 vlog 일본의 감성 글램핑은 어떨까 feat 오카게요코초 먹거리 뿌수기
445,죽도록 힘들 때 찾는 힐링사찰여행지 추천 10곳/혼자 여행하기 좋은 사찰/우울할때 떠나는 사찰여행지/힐링하기 좋은 사찰/,3Kn7S_fcbUk,UCaopIZ_y8XxQfwsWSj1SeQw,666862,63900,10.436025039123631,1,죽도록 힘들 때 찾는 힐링사찰여행지 추천 10곳 혼자 여행하기 좋은 사찰 우울할때 떠나는 사찰여행지 힐링하기 좋은 사찰
446,[ENG SUB] 숲 속에서 힐링 제대로 되는 강원도 숙소 BEST 5 (Gangwon-do hotels and resorts in the forest),Dvyd8r-DUAI,UCj00eA-Q0lokXCA6JAa_grw,387232,136000,2.847294117647059,1,ENG SUB 숲 속에서 힐링 제대로 되는 강원도 숙소 BEST 5 Gangwon do hotels and resorts in the forest
447,[Autumn Break] Ep.1 떠나요 셋이서♪ 강.원.도의 힐링 여행! 이번 행선지는?!,2bXMKL048Fo,UCp-pqXsizklX3ZHvLxXyhxw,250675,1930000,0.12988341968911918,0,Autumn Break Ep 1 떠나요 셋이서 강 원 도의 힐링 여행 이번 행선지는
448,[4k 영상] 자연영상 / 힐링영상 / 아름다운 사이판 여행 바다풍경  / 랜선여행 / 고화질 테스트영상 / 카페 영상 / 힐링여행 / 해외여행 / 영상소스 - 엔티비스튜디오,ZqfOQaUg74s,UCmAWggZxcQw89aI7hxE9-7A,1228419,11200,109.68026785714285,1,4k 영상 자연영상 힐링영상 아름다운 사이판 여행 바다풍경 랜선여행 고화질 테스트영상 카페 영상 힐링여행 해외여행 영상소스 엔티비스튜디오
449,[셒센타] 힐링 여행! 셒센타 가을 캠핑 2편 | 셒센타 (SF9 CENTER); 떼인 꿈 받아드립니다 EP.18,1CT0IVc3w9k,UC8HNshpReWjQv1WpwzhPHjA,77557,1000000,0.077557,0,셒센타 힐링 여행 셒센타 가을 캠핑 2편 셒센타 SF9 CENTER 떼인 꿈 받아드립니다 EP 18
